{"data":[{"files":[{"branches":[[58,9,58,21,0,0,0,0,4],[122,9,122,21,0,0,0,0,4],[125,16,125,41,0,0,0,0,4],[125,45,125,70,0,0,0,0,4],[142,13,142,37,0,0,0,0,4],[142,41,142,65,0,0,0,0,4],[173,9,173,25,0,0,0,0,4],[180,9,180,25,0,0,0,0,4],[198,9,198,21,0,0,0,0,4],[201,16,201,41,0,0,0,0,4],[201,45,201,70,0,0,0,0,4],[218,13,218,37,0,0,0,0,4],[218,41,218,65,0,0,0,0,4],[249,9,249,26,0,0,0,0,4],[255,9,255,25,0,0,0,0,4],[260,9,260,26,0,0,0,0,4],[277,9,277,21,0,0,0,0,4],[307,9,307,30,0,0,0,0,4],[345,9,345,21,0,0,0,0,4],[348,16,348,39,0,0,0,0,4],[348,43,348,68,0,0,0,0,4],[348,72,348,99,0,0,0,0,4],[371,13,371,37,0,0,0,0,4],[371,41,371,66,0,0,0,0,4],[385,9,385,32,0,0,0,0,4],[416,9,416,15,0,0,0,0,4],[432,9,432,15,0,0,0,0,4]],"expansions":[],"filename":"/Users/whitneykenner/msdscript/Expr.cpp","segments":[[19,30,0,true,true,false],[23,2,0,false,false,false],[29,44,0,true,true,false],[32,1,0,false,true,false],[32,1,0,true,false,false],[34,2,0,false,false,false],[40,36,0,true,true,false],[44,2,0,false,false,false],[47,21,0,true,true,false],[49,2,0,false,false,false],[56,27,0,true,true,false],[58,9,0,true,true,false],[58,21,0,true,false,false],[58,23,0,true,true,false],[60,6,0,true,false,true],[60,12,0,true,true,false],[62,6,0,true,false,false],[63,2,0,false,false,false],[69,19,0,true,true,false],[71,2,0,false,false,false],[77,25,0,true,true,false],[79,2,0,false,false,false],[87,49,0,true,true,false],[89,2,0,false,false,false],[95,37,0,true,true,false],[97,2,0,false,false,false],[104,103,0,true,true,false],[106,2,0,false,false,false],[110,43,0,true,true,false],[113,2,0,false,false,false],[120,27,0,true,true,false],[122,9,0,true,true,false],[122,21,0,true,false,false],[122,23,0,true,true,false],[124,6,0,true,false,true],[124,12,0,true,true,false],[125,16,0,true,true,false],[125,41,0,true,false,false],[125,45,0,true,true,false],[125,70,0,true,false,false],[127,2,0,false,false,false],[133,19,0,true,true,false],[135,2,0,false,false,false],[141,25,0,true,true,false],[142,13,0,true,true,false],[142,37,0,true,false,false],[142,41,0,true,true,false],[142,65,0,true,false,false],[143,2,0,false,false,false],[151,49,0,true,true,false],[153,2,0,false,false,false],[159,37,0,true,true,false],[165,2,0,false,false,false],[172,103,0,true,true,false],[173,9,0,true,true,false],[173,25,0,true,false,false],[173,27,0,true,true,false],[175,6,0,true,false,false],[176,1,0,false,true,false],[176,1,0,true,false,false],[180,9,0,true,true,false],[180,25,0,true,false,false],[180,27,0,true,true,false],[182,6,0,true,false,false],[183,2,0,false,false,false],[186,45,0,true,true,false],[189,2,0,false,false,false],[196,28,0,true,true,false],[198,9,0,true,true,false],[198,21,0,true,false,false],[198,23,0,true,true,false],[200,6,0,true,false,true],[200,12,0,true,true,false],[201,16,0,true,true,false],[201,41,0,true,false,false],[201,45,0,true,true,false],[201,70,0,true,false,false],[203,2,0,false,false,false],[209,20,0,true,true,false],[211,2,0,false,false,false],[217,26,0,true,true,false],[218,13,0,true,true,false],[218,37,0,true,false,false],[218,41,0,true,true,false],[218,65,0,true,false,false],[219,2,0,false,false,false],[227,50,0,true,true,false],[229,2,0,false,false,false],[235,38,0,true,true,false],[241,2,0,false,false,false],[248,104,0,true,true,false],[249,9,0,true,true,false],[249,26,0,true,false,false],[249,28,0,true,true,false],[251,1,0,false,true,false],[251,51,0,true,false,false],[255,9,0,true,true,false],[255,25,0,true,false,false],[255,27,0,true,true,false],[257,6,0,true,false,true],[257,12,0,true,true,false],[259,6,0,true,false,false],[260,9,0,true,true,false],[260,26,0,true,false,false],[260,28,0,true,true,false],[262,6,0,true,false,false],[263,2,0,false,false,false],[266,39,0,true,true,false],[268,2,0,false,false,false],[275,32,0,true,true,false],[277,9,0,true,true,false],[277,21,0,true,false,false],[277,23,0,true,true,false],[279,6,0,true,false,true],[279,12,0,true,true,false],[281,6,0,true,false,false],[282,2,0,false,false,false],[288,24,0,true,true,false],[290,2,0,false,false,false],[296,30,0,true,true,false],[298,2,0,false,false,false],[306,54,0,true,true,false],[307,9,0,true,true,false],[307,30,0,true,false,false],[307,32,0,true,true,false],[309,6,0,true,false,true],[309,12,0,true,true,false],[311,6,0,true,false,false],[312,2,0,false,false,false],[318,42,0,true,true,false],[320,2,0,false,false,false],[327,108,0,true,true,false],[329,2,0,false,false,false],[332,61,0,true,true,false],[336,2,0,false,false,false],[343,27,0,true,true,false],[345,9,0,true,true,false],[345,21,0,true,false,false],[345,23,0,true,true,false],[347,6,0,true,false,true],[347,12,0,true,true,false],[348,16,0,true,true,false],[348,39,0,true,false,false],[348,43,0,true,true,false],[348,68,0,true,false,false],[348,72,0,true,true,false],[348,99,0,true,false,false],[350,2,0,false,false,false],[357,19,0,true,true,false],[360,1,0,false,true,false],[362,41,0,true,false,false],[363,2,0,false,false,false],[370,25,0,true,true,false],[371,13,0,true,true,false],[371,37,0,true,false,false],[371,41,0,true,true,false],[371,66,0,true,false,false],[372,2,0,false,false,false],[383,50,0,true,true,false],[384,1,0,false,true,false],[384,56,0,true,false,false],[385,9,0,true,true,false],[385,32,0,true,false,false],[385,34,0,true,true,false],[387,1,0,false,true,false],[389,98,0,true,false,false],[390,12,0,true,true,false],[392,6,0,true,false,false],[393,2,0,false,false,false],[399,37,0,true,true,false],[405,2,0,false,false,false],[415,103,0,true,true,false],[416,9,0,true,true,false],[416,15,0,true,false,false],[416,17,0,true,true,false],[418,6,0,true,false,false],[419,1,0,false,true,false],[419,1,0,true,false,false],[432,9,0,true,true,false],[432,15,0,true,false,false],[432,17,0,true,true,false],[434,6,0,true,false,false],[435,2,0,false,false,false]],"summary":{"branches":{"count":54,"covered":0,"notcovered":54,"percent":0},"functions":{"count":38,"covered":0,"percent":0},"instantiations":{"count":38,"covered":0,"percent":0},"lines":{"count":207,"covered":0,"percent":0},"regions":{"count":88,"covered":0,"notcovered":88,"percent":0}}},{"branches":[[23,9,23,25,0,0,0,0,4],[27,9,27,25,0,0,0,0,4],[27,29,27,47,0,0,0,0,4],[30,12,30,13,0,0,0,0,4],[32,13,32,30,0,0,0,0,4],[39,9,39,19,0,0,0,0,4],[48,9,48,27,0,0,0,0,4],[54,12,54,13,0,0,0,0,4],[56,13,56,31,0,0,0,0,4],[68,9,68,24,0,0,0,0,4],[82,9,82,24,0,0,0,0,4],[94,12,94,13,0,0,0,0,4],[96,13,96,30,0,0,0,0,4],[99,20,99,35,0,0,0,0,4],[138,9,138,26,0,0,0,0,4],[138,30,138,47,0,0,0,0,4],[140,15,140,30,0,0,0,0,4],[142,15,142,32,0,0,0,0,4],[144,16,144,31,0,0,0,0,4],[149,13,149,28,0,0,0,0,4]],"expansions":[],"filename":"/Users/whitneykenner/msdscript/Parse.cpp","segments":[[12,30,0,true,true,false],[14,2,0,false,false,false],[15,38,0,true,true,false],[19,2,0,false,false,false],[20,34,0,true,true,false],[23,9,0,true,true,false],[23,25,0,true,false,false],[23,27,0,true,true,false],[26,6,0,true,false,false],[27,9,0,true,true,false],[27,25,0,true,false,false],[27,29,0,true,true,false],[27,47,0,true,false,false],[27,48,0,true,true,false],[29,6,0,true,false,true],[30,5,0,true,true,false],[30,12,0,true,true,false],[30,13,0,true,false,false],[30,15,0,true,true,false],[32,13,0,true,true,false],[32,30,0,true,false,false],[32,32,0,true,true,false],[35,10,0,true,false,true],[35,16,0,true,true,false],[37,10,0,true,false,false],[39,9,0,true,true,false],[39,19,0,true,false,false],[39,21,0,true,true,false],[41,6,0,true,false,false],[43,2,0,false,false,false],[46,44,0,true,true,false],[48,9,0,true,true,false],[48,27,0,true,false,false],[48,29,0,true,true,false],[50,6,0,true,false,false],[51,2,0,false,false,false],[53,39,0,true,true,false],[54,12,0,true,true,false],[54,13,0,true,false,false],[54,15,0,true,true,false],[56,13,0,true,true,false],[56,31,0,true,false,false],[56,33,0,true,true,false],[58,10,0,true,false,true],[59,9,0,true,true,false],[60,6,0,true,false,false],[61,2,0,false,false,false],[63,35,0,true,true,false],[68,9,0,true,true,false],[68,24,0,true,false,false],[68,26,0,true,true,false],[72,6,0,true,false,true],[73,9,0,true,true,false],[73,17,0,true,false,false],[74,1,0,false,true,false],[74,1,0,true,false,false],[75,2,0,false,false,false],[77,37,0,true,true,false],[82,9,0,true,true,false],[82,24,0,true,false,false],[82,26,0,true,true,false],[86,6,0,true,false,true],[87,9,0,true,true,false],[87,17,0,true,false,false],[88,1,0,false,true,false],[88,1,0,true,false,false],[89,2,0,false,false,false],[91,39,0,true,true,false],[93,1,0,false,true,false],[93,1,0,true,false,false],[94,12,0,true,true,false],[94,13,0,true,false,false],[94,15,0,true,true,false],[96,13,0,true,true,false],[96,30,0,true,false,false],[96,32,0,true,true,false],[99,10,0,true,false,true],[99,16,0,true,true,false],[99,20,0,true,true,false],[99,35,0,true,false,false],[99,37,0,true,true,false],[101,10,0,true,false,false],[101,14,0,true,true,false],[103,10,0,true,false,false],[105,5,0,true,true,false],[105,44,0,true,false,false],[106,2,0,false,false,false],[109,34,0,true,true,false],[118,1,0,false,true,false],[118,18,0,true,false,false],[123,1,0,false,true,false],[123,1,0,true,false,false],[128,1,0,false,true,false],[128,1,0,true,false,false],[130,1,0,false,true,false],[130,1,0,true,false,false],[132,2,0,false,false,false],[135,40,0,true,true,false],[138,9,0,true,true,false],[138,26,0,true,false,false],[138,30,0,true,true,false],[138,47,0,true,false,false],[138,49,0,true,true,false],[140,6,0,true,false,false],[140,11,0,true,true,false],[140,15,0,true,true,false],[140,30,0,true,false,false],[140,32,0,true,true,false],[142,6,0,true,false,false],[142,11,0,true,true,false],[142,15,0,true,true,false],[142,32,0,true,false,false],[142,34,0,true,true,false],[144,6,0,true,false,true],[144,12,0,true,true,false],[144,16,0,true,true,false],[144,31,0,true,false,false],[144,33,0,true,true,false],[149,13,0,true,true,false],[149,28,0,true,false,false],[150,13,0,true,true,false],[150,66,0,true,false,false],[151,9,0,true,true,false],[151,17,0,true,false,false],[152,1,0,false,true,false],[152,1,0,true,false,false],[153,12,0,true,true,false],[156,6,0,true,false,false],[157,2,0,false,false,false]],"summary":{"branches":{"count":34,"covered":0,"notcovered":34,"percent":0},"functions":{"count":10,"covered":0,"percent":0},"instantiations":{"count":10,"covered":0,"percent":0},"lines":{"count":128,"covered":0,"percent":0},"regions":{"count":63,"covered":0,"notcovered":63,"percent":0}}},{"branches":[],"expansions":[],"filename":"/Users/whitneykenner/msdscript/Tests.cpp","segments":[[17,40,0,true,true,false],[21,1,0,false,true,false],[21,1,0,true,false,false],[23,10,0,true,true,false],[24,2,0,false,false,false],[26,36,0,true,true,false],[33,1,0,false,true,false],[33,1,0,true,false,false],[35,10,0,true,true,false],[36,2,0,false,false,false],[38,37,0,true,true,false],[45,1,0,false,true,false],[45,1,0,true,false,false],[47,10,0,true,true,false],[48,1,0,false,true,false],[48,1,0,true,false,false],[49,2,0,false,false,false],[51,41,0,true,true,false],[56,1,0,false,true,false],[56,1,0,true,false,false],[58,10,0,true,true,false],[59,10,0,true,true,false],[60,10,0,true,true,false],[61,2,0,false,false,false],[63,34,0,true,true,false],[68,1,0,false,true,false],[68,1,0,true,false,false],[72,1,0,false,true,false],[72,1,0,true,false,false],[77,1,0,false,true,false],[77,1,0,true,false,false],[81,1,0,false,true,false],[81,1,0,true,false,false],[83,10,0,true,true,false],[84,1,0,false,true,false],[84,1,0,true,false,false],[85,2,0,false,false,false],[87,34,0,true,true,false],[92,1,0,false,true,false],[92,1,0,true,false,false],[96,1,0,false,true,false],[96,1,0,true,false,false],[101,1,0,false,true,false],[101,1,0,true,false,false],[105,1,0,false,true,false],[105,1,0,true,false,false],[107,10,0,true,true,false],[108,10,0,true,true,false],[109,1,0,false,true,false],[109,1,0,true,false,false],[110,2,0,false,false,false],[112,38,0,true,true,false],[117,1,0,false,true,false],[117,1,0,true,false,false],[121,1,0,false,true,false],[121,1,0,true,false,false],[125,1,0,false,true,false],[125,1,0,true,false,false],[130,1,0,false,true,false],[130,1,0,true,false,false],[134,1,0,false,true,false],[135,15,0,true,false,false],[137,10,0,true,true,false],[138,1,0,false,true,false],[138,14,0,true,false,false],[139,10,0,true,true,false],[140,10,0,true,true,false],[141,1,0,false,true,false],[141,15,0,true,false,false],[142,10,0,true,true,false],[143,10,0,true,true,false],[144,1,0,false,true,false],[144,30,0,true,false,false],[145,10,0,true,true,false],[146,10,0,true,true,false],[147,1,0,false,true,false],[147,20,0,true,false,false],[148,22,0,true,true,false],[149,22,0,true,true,false],[150,10,0,true,true,false],[151,10,0,true,true,false],[153,2,0,false,false,false],[155,41,0,true,true,false],[158,1,0,false,true,false],[158,1,0,true,false,false],[163,1,0,false,true,false],[163,1,0,true,false,false],[167,1,0,false,true,false],[167,1,0,true,false,false],[172,1,0,false,true,false],[172,1,0,true,false,false],[176,1,0,false,true,false],[177,15,0,true,false,false],[179,1,0,false,true,false],[179,10,0,true,false,false],[180,10,0,true,true,false],[181,1,0,false,true,false],[181,10,0,true,false,false],[182,10,0,true,true,false],[183,10,0,true,true,false],[184,1,0,false,true,false],[184,19,0,true,false,false],[185,10,0,true,true,false],[186,10,0,true,true,false],[187,2,0,false,false,false],[189,39,0,true,true,false],[192,1,0,false,true,false],[192,1,0,true,false,false],[197,1,0,false,true,false],[197,1,0,true,false,false],[201,1,0,false,true,false],[201,1,0,true,false,false],[206,1,0,false,true,false],[206,1,0,true,false,false],[210,1,0,false,true,false],[210,10,0,true,false,false],[214,1,0,false,true,false],[214,1,0,true,false,false],[215,10,0,true,true,false],[218,1,0,false,true,false],[218,21,0,true,false,false],[219,10,0,true,true,false],[220,1,0,false,true,false],[220,42,0,true,false,false],[221,10,0,true,true,false],[222,1,0,false,true,false],[222,1,0,true,false,false],[223,10,0,true,true,false],[224,10,0,true,true,false],[225,10,0,true,true,false],[226,2,0,false,false,false],[228,32,0,true,true,false],[231,1,0,false,true,false],[231,1,0,true,false,false],[236,1,0,false,true,false],[236,1,0,true,false,false],[241,1,0,false,true,false],[241,1,0,true,false,false],[246,1,0,false,true,false],[247,19,0,true,false,false],[249,1,0,false,true,false],[249,24,0,true,false,false],[250,10,0,true,true,false],[251,1,0,false,true,false],[251,31,0,true,false,false],[252,10,0,true,true,false],[253,10,0,true,true,false],[254,10,0,true,true,false],[255,10,0,true,true,false],[256,1,0,false,true,false],[256,32,0,true,false,false],[257,10,0,true,true,false],[258,10,0,true,true,false],[259,10,0,true,true,false],[260,10,0,true,true,false],[261,1,0,false,true,false],[261,1,0,true,false,false],[262,2,0,false,false,false],[264,35,0,true,true,false],[267,1,0,false,true,false],[267,1,0,true,false,false],[272,1,0,false,true,false],[272,1,0,true,false,false],[277,1,0,false,true,false],[277,1,0,true,false,false],[284,1,0,false,true,false],[285,63,0,true,false,false],[287,10,0,true,true,false],[288,1,0,false,true,false],[288,51,0,true,false,false],[289,10,0,true,true,false],[290,10,0,true,true,false],[291,10,0,true,true,false],[293,10,0,true,true,false],[295,10,0,true,true,false],[297,1,0,false,true,false],[298,53,0,true,false,false],[299,10,0,true,true,false],[300,10,0,true,true,false],[301,10,0,true,true,false],[302,1,0,false,true,false],[303,1,0,true,false,false],[304,10,0,true,true,false],[305,10,0,true,true,false],[306,2,0,false,false,false],[308,40,0,true,true,false],[313,1,0,false,true,false],[313,1,0,true,false,false],[316,1,0,false,true,false],[316,1,0,true,false,false],[322,1,0,false,true,false],[322,1,0,true,false,false],[324,1,0,false,true,false],[324,1,0,true,false,false],[326,1,0,false,true,false],[326,1,0,true,false,false],[328,1,0,false,true,false],[328,1,0,true,false,false],[332,1,0,false,true,false],[332,1,0,true,false,false],[333,5,0,true,true,false],[336,1,0,false,true,false],[336,1,0,true,false,false],[337,5,0,true,true,false],[340,1,0,false,true,false],[340,1,0,true,false,false],[341,5,0,true,true,false],[344,1,0,false,true,false],[344,1,0,true,false,false],[345,5,0,true,true,false],[348,2,0,false,false,false],[350,41,0,true,true,false],[355,1,0,false,true,false],[355,1,0,true,false,false],[358,1,0,false,true,false],[358,1,0,true,false,false],[364,1,0,false,true,false],[364,1,0,true,false,false],[368,1,0,false,true,false],[368,1,0,true,false,false],[369,5,0,true,true,false],[372,1,0,false,true,false],[372,1,0,true,false,false],[373,5,0,true,true,false],[376,1,0,false,true,false],[376,1,0,true,false,false],[377,5,0,true,true,false],[380,1,0,false,true,false],[380,1,0,true,false,false],[384,1,0,false,true,false],[384,1,0,true,false,false],[385,5,0,true,true,false],[388,1,0,false,true,false],[388,1,0,true,false,false],[389,5,0,true,true,false],[392,2,0,false,false,false],[394,38,0,true,true,false],[397,1,0,false,true,false],[397,1,0,true,false,false],[402,1,0,false,true,false],[402,1,0,true,false,false],[403,5,0,true,true,false],[407,1,0,false,true,false],[407,1,0,true,false,false],[408,5,0,true,true,false],[412,2,0,false,false,false],[414,37,0,true,true,false],[417,1,0,false,true,false],[417,1,0,true,false,false],[422,1,0,false,true,false],[422,1,0,true,false,false],[423,5,0,true,true,false],[427,1,0,false,true,false],[427,1,0,true,false,false],[428,5,0,true,true,false],[432,2,0,false,false,false],[434,42,0,true,true,false],[437,1,0,false,true,false],[437,1,0,true,false,false],[442,1,0,false,true,false],[442,1,0,true,false,false],[443,5,0,true,true,false],[447,2,0,false,false,false],[450,1,0,true,true,false],[454,2,0,false,false,false],[457,1,0,true,true,false],[461,2,0,false,false,false],[463,26,0,true,true,false],[468,1,0,false,true,false],[468,1,0,true,false,false],[476,1,0,false,true,false],[476,1,0,true,false,false],[480,1,0,false,true,false],[480,1,0,true,false,false],[483,1,0,false,true,false],[484,31,0,true,false,false],[486,10,0,true,true,false],[487,1,0,false,true,false],[487,24,0,true,false,false],[488,10,0,true,true,false],[489,1,0,false,true,false],[489,58,0,true,false,false],[490,10,0,true,true,false],[491,10,0,true,true,false],[492,10,0,true,true,false],[493,10,0,true,true,false],[494,10,0,true,true,false],[495,10,0,true,true,false],[496,2,0,false,false,false],[498,31,0,true,true,false],[502,1,0,false,true,false],[502,1,0,true,false,false],[504,10,0,true,true,false],[505,10,0,true,true,false],[506,2,0,false,false,false],[508,36,0,true,true,false],[513,1,0,false,true,false],[513,1,0,true,false,false],[516,1,0,false,true,false],[516,1,0,true,false,false],[518,22,0,true,true,false],[519,10,0,true,true,false],[522,1,0,false,true,false],[522,1,0,true,false,false],[523,2,0,false,false,false],[525,41,0,true,true,false],[528,5,0,true,true,false],[530,5,0,true,true,false],[532,5,0,true,true,false],[536,5,0,true,true,false],[540,5,0,true,true,false],[543,5,0,true,true,false],[554,10,0,true,true,false],[555,5,0,true,true,false],[557,1,0,false,true,false],[557,1,0,true,false,false],[558,2,0,false,false,false],[560,39,0,true,true,false],[576,1,0,false,true,false],[576,13,0,true,false,false],[580,5,0,true,true,false],[583,5,0,true,true,false],[586,5,0,true,true,false],[589,5,0,true,true,false],[592,1,0,false,true,false],[592,13,0,true,false,false],[593,5,0,true,true,false],[596,5,0,true,true,false],[599,5,0,true,true,false],[602,5,0,true,true,false],[605,5,0,true,true,false],[608,1,0,false,true,false],[608,13,0,true,false,false],[609,5,0,true,true,false],[612,5,0,true,true,false],[615,5,0,true,true,false],[618,5,0,true,true,false],[621,5,0,true,true,false],[624,1,0,false,true,false],[624,13,0,true,false,false],[625,5,0,true,true,false],[628,5,0,true,true,false],[631,5,0,true,true,false],[634,5,0,true,true,false],[637,5,0,true,true,false],[640,2,0,false,false,false],[642,32,0,true,true,false],[648,2,0,false,false,false],[650,31,0,true,true,false],[652,1,0,false,true,false],[652,31,0,true,false,false],[656,10,0,true,true,false],[658,1,0,false,true,false],[658,39,0,true,false,false],[659,10,0,true,true,false],[662,10,0,true,true,false],[665,1,0,false,true,false],[665,40,0,true,false,false],[666,10,0,true,true,false],[669,10,0,true,true,false],[672,1,0,false,true,false],[672,36,0,true,false,false],[673,10,0,true,true,false],[681,10,0,true,true,false],[689,1,0,false,true,false],[689,1,0,true,false,false],[690,2,0,false,false,false],[692,42,0,true,true,false],[697,5,0,true,true,false],[701,5,0,true,true,false],[705,5,0,true,true,false],[709,5,0,true,true,false],[713,1,0,false,true,false],[713,1,0,true,false,false],[717,5,0,true,true,false],[723,1,0,false,true,false],[723,1,0,true,false,false],[724,2,0,false,false,false],[726,80,0,true,true,false],[740,1,0,false,true,false],[741,1,0,true,false,false],[747,10,0,true,true,false],[753,10,0,true,true,false],[759,5,0,true,true,false],[773,1,0,false,true,false],[773,1,0,true,false,false],[774,10,0,true,true,false],[777,12,0,true,true,false],[777,13,0,true,false,true],[777,36,0,true,true,false],[781,14,0,true,true,false],[785,6,0,true,false,false],[786,1,0,false,true,false],[786,1,0,true,false,false],[787,12,0,true,true,false],[787,13,0,true,false,true],[787,25,0,true,true,false],[791,14,0,true,true,false],[795,14,0,true,true,false],[800,14,0,true,true,false],[805,14,0,true,true,false],[810,14,0,true,true,false],[815,6,0,true,false,false],[816,2,0,false,false,false],[818,38,0,true,true,false],[819,13,0,true,false,true],[819,28,0,true,true,false],[822,6,0,true,false,false],[822,13,0,true,true,false],[822,14,0,true,false,true],[822,43,0,true,true,false],[825,6,0,true,false,false],[825,13,0,true,true,false],[825,14,0,true,false,true],[825,43,0,true,true,false],[828,6,0,true,false,false],[828,13,0,true,true,false],[828,14,0,true,false,true],[828,44,0,true,true,false],[831,6,0,true,false,false],[831,13,0,true,true,false],[831,14,0,true,false,true],[831,33,0,true,true,false],[834,6,0,true,false,false],[835,2,0,false,false,false],[837,44,0,true,true,false],[838,13,0,true,false,true],[838,20,0,true,true,false],[840,6,0,true,false,false],[840,13,0,true,true,false],[840,14,0,true,false,true],[840,30,0,true,true,false],[842,6,0,true,false,false],[843,2,0,false,false,false],[845,37,0,true,true,false],[849,10,0,true,true,false],[855,2,0,false,false,false],[857,39,0,true,true,false],[858,13,0,true,false,true],[858,28,0,true,true,false],[860,14,0,true,true,false],[861,6,0,true,false,false],[861,13,0,true,true,false],[861,14,0,true,false,true],[861,47,0,true,true,false],[867,14,0,true,true,false],[870,14,0,true,true,false],[874,14,0,true,true,false],[878,26,0,true,true,false],[882,6,0,true,false,false],[882,13,0,true,true,false],[882,14,0,true,false,true],[882,43,0,true,true,false],[885,6,0,true,false,false],[886,10,0,true,true,false],[890,10,0,true,true,false],[894,10,0,true,true,false],[898,2,0,false,false,false],[900,34,0,true,true,false],[903,12,0,true,true,false],[905,2,0,false,false,false],[910,20,0,true,true,false],[912,1,0,false,true,false],[912,1,0,true,false,false],[913,10,0,true,true,false],[914,10,0,true,true,false],[915,1,0,false,true,false],[915,1,0,true,false,false],[916,22,0,true,true,false],[917,1,0,false,true,false],[917,1,0,true,false,false],[918,10,0,true,true,false],[919,10,0,true,true,false],[920,10,0,true,true,false],[921,10,0,true,true,false],[922,22,0,true,true,false],[923,1,0,false,true,false],[927,1,0,true,false,false],[928,22,0,true,true,false],[929,1,0,false,true,false],[929,1,0,true,false,false],[930,10,0,true,true,false],[931,10,0,true,true,false],[932,10,0,true,true,false],[933,22,0,true,true,false],[934,1,0,false,true,false],[934,1,0,true,false,false],[935,10,0,true,true,false],[936,1,0,false,true,false],[936,1,0,true,false,false],[937,10,0,true,true,false],[938,1,0,false,true,false],[938,1,0,true,false,false],[939,10,0,true,true,false],[942,1,0,false,true,false],[942,1,0,true,false,false],[943,10,0,true,true,false],[946,1,0,false,true,false],[946,1,0,true,false,false],[947,2,0,false,false,false]],"summary":{"branches":{"count":0,"covered":0,"notcovered":0,"percent":0},"functions":{"count":33,"covered":0,"percent":0},"instantiations":{"count":33,"covered":0,"percent":0},"lines":{"count":764,"covered":0,"percent":0},"regions":{"count":207,"covered":0,"notcovered":207,"percent":0}}},{"branches":[[20,9,20,29,0,1,0,0,4],[26,9,26,29,0,1,0,0,4],[27,13,27,47,0,0,0,0,4],[32,9,32,31,0,1,0,0,4],[34,16,34,37,0,1,0,0,4],[36,16,36,44,0,1,0,0,4]],"expansions":[],"filename":"/Users/whitneykenner/msdscript/cmdline.cpp","segments":[[18,49,1,true,true,false],[20,9,1,true,true,false],[20,29,1,true,false,false],[20,30,0,true,false,true],[20,31,0,true,true,false],[25,6,1,true,false,true],[26,5,1,true,true,false],[26,9,1,true,true,false],[26,29,1,true,false,false],[26,30,0,true,false,true],[26,31,0,true,true,false],[27,13,0,true,true,false],[27,47,0,true,false,false],[27,49,0,true,true,false],[29,10,0,true,false,true],[30,9,0,true,true,false],[30,16,0,true,false,false],[31,6,1,true,false,true],[32,5,1,true,true,false],[32,9,1,true,true,false],[32,31,1,true,false,false],[32,32,0,true,false,true],[32,33,0,true,true,false],[34,6,1,true,false,true],[34,12,1,true,true,false],[34,16,1,true,true,false],[34,37,1,true,false,false],[34,38,0,true,false,true],[34,39,0,true,true,false],[36,6,1,true,false,true],[36,12,1,true,true,false],[36,16,1,true,true,false],[36,44,1,true,false,false],[36,45,0,true,false,true],[36,46,0,true,true,false],[38,6,1,true,false,true],[38,12,1,true,true,false],[40,6,1,true,false,false],[41,2,0,false,false,false]],"summary":{"branches":{"count":12,"covered":5,"notcovered":7,"percent":41.666666666666671},"functions":{"count":1,"covered":1,"percent":100},"instantiations":{"count":1,"covered":1,"percent":100},"lines":{"count":24,"covered":11,"percent":45.833333333333329},"regions":{"count":19,"covered":11,"notcovered":8,"percent":57.894736842105267}}},{"branches":[[22,9,22,29,0,1,0,0,4],[35,16,35,35,0,1,0,0,4],[41,14,41,40,0,1,0,0,4]],"expansions":[],"filename":"/Users/whitneykenner/msdscript/main.cpp","segments":[[18,40,1,true,true,false],[19,1,0,false,true,false],[19,1,1,true,false,false],[21,1,0,false,true,false],[21,1,1,true,false,false],[22,9,1,true,true,false],[22,29,1,true,false,false],[22,30,0,true,false,true],[22,31,0,true,true,false],[28,1,0,false,true,false],[29,1,0,true,false,false],[31,1,0,false,true,false],[31,1,0,true,false,false],[34,1,0,false,true,false],[34,1,0,true,false,false],[35,6,1,true,false,true],[35,12,1,true,true,false],[35,16,1,true,true,false],[35,35,1,true,false,false],[35,36,0,true,false,true],[35,37,0,true,true,false],[41,6,1,true,false,false],[41,11,1,true,true,false],[41,14,1,true,true,false],[41,40,1,true,false,false],[41,41,0,true,true,false],[46,6,1,true,false,true],[47,9,1,true,true,false],[50,6,1,true,false,false],[51,2,0,false,false,false]],"summary":{"branches":{"count":6,"covered":3,"notcovered":3,"percent":50},"functions":{"count":1,"covered":1,"percent":100},"instantiations":{"count":1,"covered":1,"percent":100},"lines":{"count":28,"covered":10,"percent":35.714285714285715},"regions":{"count":10,"covered":7,"notcovered":3,"percent":70}}}],"functions":[{"branches":[[22,9,22,29,0,1,0,0,4],[35,16,35,35,0,1,0,0,4],[41,14,41,40,0,1,0,0,4]],"count":1,"filenames":["/Users/whitneykenner/msdscript/main.cpp"],"name":"main","regions":[[18,40,51,2,1,0,0,0],[19,1,19,1,0,0,0,2],[21,1,21,1,0,0,0,2],[22,9,22,29,1,0,0,0],[22,30,22,31,0,0,0,3],[22,31,35,6,0,0,0,0],[28,1,29,1,0,0,0,2],[31,1,31,1,0,0,0,2],[34,1,34,1,0,0,0,2],[35,6,35,12,1,0,0,3],[35,12,50,6,1,0,0,0],[35,16,35,35,1,0,0,0],[35,36,35,37,0,0,0,3],[35,37,41,6,0,0,0,0],[41,10,41,11,1,0,0,3],[41,11,50,6,1,0,0,0],[41,14,41,40,1,0,0,0],[41,41,46,6,0,0,0,0],[46,6,47,9,1,0,0,3],[47,9,50,6,1,0,0,0]]},{"branches":[],"count":0,"filenames":["/Users/whitneykenner/msdscript/Expr.cpp"],"name":"_ZN4Expr8toStringEv","regions":[[19,30,23,2,0,0,0,0]]},{"branches":[],"count":0,"filenames":["/Users/whitneykenner/msdscript/Expr.cpp"],"name":"_ZN4Expr11prettyPrintERNSt3__113basic_ostreamIcNS0_11char_traitsIcEEEE","regions":[[29,44,34,2,0,0,0,0],[32,1,32,1,0,0,0,2]]},{"branches":[],"count":0,"filenames":["/Users/whitneykenner/msdscript/Expr.cpp"],"name":"_ZN4Expr14prettyToStringEv","regions":[[40,36,44,2,0,0,0,0]]},{"branches":[],"count":0,"filenames":["/Users/whitneykenner/msdscript/Expr.cpp"],"name":"_ZN3NumC2Ei","regions":[[47,21,49,2,0,0,0,0]]},{"branches":[[58,9,58,21,0,0,0,0,4]],"count":0,"filenames":["/Users/whitneykenner/msdscript/Expr.cpp"],"name":"_ZN3Num6equalsEP4Expr","regions":[[56,27,63,2,0,0,0,0],[58,9,58,21,0,0,0,0],[58,22,58,23,0,0,0,3],[58,23,60,6,0,0,0,0],[60,6,60,12,0,0,0,3],[60,12,62,6,0,0,0,0]]},{"branches":[],"count":0,"filenames":["/Users/whitneykenner/msdscript/Expr.cpp"],"name":"_ZN3Num6interpEv","regions":[[69,19,71,2,0,0,0,0]]},{"branches":[],"count":0,"filenames":["/Users/whitneykenner/msdscript/Expr.cpp"],"name":"_ZN3Num11hasVariableEv","regions":[[77,25,79,2,0,0,0,0]]},{"branches":[],"count":0,"filenames":["/Users/whitneykenner/msdscript/Expr.cpp"],"name":"_ZN3Num5substENSt3__112basic_stringIcNS0_11char_traitsIcEENS0_9allocatorIcEEEEP4Expr","regions":[[87,49,89,2,0,0,0,0]]},{"branches":[],"count":0,"filenames":["/Users/whitneykenner/msdscript/Expr.cpp"],"name":"_ZN3Num5printERNSt3__113basic_ostreamIcNS0_11char_traitsIcEEEE","regions":[[95,37,97,2,0,0,0,0]]},{"branches":[],"count":0,"filenames":["/Users/whitneykenner/msdscript/Expr.cpp"],"name":"_ZN3Num13prettyPrintAtERNSt3__113basic_ostreamIcNS0_11char_traitsIcEEEE12precedence_tRNS0_4fposI11__mbstate_tEEb","regions":[[104,103,106,2,0,0,0,0]]},{"branches":[],"count":0,"filenames":["/Users/whitneykenner/msdscript/Expr.cpp"],"name":"_ZN3AddC2EP4ExprS1_","regions":[[110,43,113,2,0,0,0,0]]},{"branches":[[122,9,122,21,0,0,0,0,4],[125,16,125,41,0,0,0,0,4],[125,45,125,70,0,0,0,0,4]],"count":0,"filenames":["/Users/whitneykenner/msdscript/Expr.cpp"],"name":"_ZN3Add6equalsEP4Expr","regions":[[120,27,127,2,0,0,0,0],[122,9,122,21,0,0,0,0],[122,22,122,23,0,0,0,3],[122,23,124,6,0,0,0,0],[124,6,124,12,0,0,0,3],[124,12,126,6,0,0,0,0],[125,16,125,41,0,0,0,0],[125,45,125,70,0,0,0,0]]},{"branches":[],"count":0,"filenames":["/Users/whitneykenner/msdscript/Expr.cpp"],"name":"_ZN3Add6interpEv","regions":[[133,19,135,2,0,0,0,0]]},{"branches":[[142,13,142,37,0,0,0,0,4],[142,41,142,65,0,0,0,0,4]],"count":0,"filenames":["/Users/whitneykenner/msdscript/Expr.cpp"],"name":"_ZN3Add11hasVariableEv","regions":[[141,25,143,2,0,0,0,0],[142,13,142,37,0,0,0,0],[142,41,142,65,0,0,0,0]]},{"branches":[],"count":0,"filenames":["/Users/whitneykenner/msdscript/Expr.cpp"],"name":"_ZN3Add5substENSt3__112basic_stringIcNS0_11char_traitsIcEENS0_9allocatorIcEEEEP4Expr","regions":[[151,49,153,2,0,0,0,0]]},{"branches":[],"count":0,"filenames":["/Users/whitneykenner/msdscript/Expr.cpp"],"name":"_ZN3Add5printERNSt3__113basic_ostreamIcNS0_11char_traitsIcEEEE","regions":[[159,37,165,2,0,0,0,0]]},{"branches":[[173,9,173,25,0,0,0,0,4],[180,9,180,25,0,0,0,0,4]],"count":0,"filenames":["/Users/whitneykenner/msdscript/Expr.cpp"],"name":"_ZN3Add13prettyPrintAtERNSt3__113basic_ostreamIcNS0_11char_traitsIcEEEE12precedence_tRNS0_4fposI11__mbstate_tEEb","regions":[[172,103,183,2,0,0,0,0],[173,9,173,25,0,0,0,0],[173,26,173,27,0,0,0,3],[173,27,175,6,0,0,0,0],[176,1,176,1,0,0,0,2],[180,9,180,25,0,0,0,0],[180,26,180,27,0,0,0,3],[180,27,182,6,0,0,0,0]]},{"branches":[],"count":0,"filenames":["/Users/whitneykenner/msdscript/Expr.cpp"],"name":"_ZN4MultC2EP4ExprS1_","regions":[[186,45,189,2,0,0,0,0]]},{"branches":[[198,9,198,21,0,0,0,0,4],[201,16,201,41,0,0,0,0,4],[201,45,201,70,0,0,0,0,4]],"count":0,"filenames":["/Users/whitneykenner/msdscript/Expr.cpp"],"name":"_ZN4Mult6equalsEP4Expr","regions":[[196,28,203,2,0,0,0,0],[198,9,198,21,0,0,0,0],[198,22,198,23,0,0,0,3],[198,23,200,6,0,0,0,0],[200,6,200,12,0,0,0,3],[200,12,202,6,0,0,0,0],[201,16,201,41,0,0,0,0],[201,45,201,70,0,0,0,0]]},{"branches":[],"count":0,"filenames":["/Users/whitneykenner/msdscript/Expr.cpp"],"name":"_ZN4Mult6interpEv","regions":[[209,20,211,2,0,0,0,0]]},{"branches":[[218,13,218,37,0,0,0,0,4],[218,41,218,65,0,0,0,0,4]],"count":0,"filenames":["/Users/whitneykenner/msdscript/Expr.cpp"],"name":"_ZN4Mult11hasVariableEv","regions":[[217,26,219,2,0,0,0,0],[218,13,218,37,0,0,0,0],[218,41,218,65,0,0,0,0]]},{"branches":[],"count":0,"filenames":["/Users/whitneykenner/msdscript/Expr.cpp"],"name":"_ZN4Mult5substENSt3__112basic_stringIcNS0_11char_traitsIcEENS0_9allocatorIcEEEEP4Expr","regions":[[227,50,229,2,0,0,0,0]]},{"branches":[],"count":0,"filenames":["/Users/whitneykenner/msdscript/Expr.cpp"],"name":"_ZN4Mult5printERNSt3__113basic_ostreamIcNS0_11char_traitsIcEEEE","regions":[[235,38,241,2,0,0,0,0]]},{"branches":[[249,9,249,26,0,0,0,0,4],[255,9,255,25,0,0,0,0,4],[260,9,260,26,0,0,0,0,4]],"count":0,"filenames":["/Users/whitneykenner/msdscript/Expr.cpp"],"name":"_ZN4Mult13prettyPrintAtERNSt3__113basic_ostreamIcNS0_11char_traitsIcEEEE12precedence_tRNS0_4fposI11__mbstate_tEEb","regions":[[248,104,263,2,0,0,0,0],[249,9,249,26,0,0,0,0],[249,27,249,28,0,0,0,3],[249,28,252,6,0,0,0,0],[251,1,251,51,0,0,0,2],[255,9,255,25,0,0,0,0],[255,26,255,27,0,0,0,3],[255,27,257,6,0,0,0,0],[257,6,257,12,0,0,0,3],[257,12,259,6,0,0,0,0],[260,9,260,26,0,0,0,0],[260,27,260,28,0,0,0,3],[260,28,262,6,0,0,0,0]]},{"branches":[],"count":0,"filenames":["/Users/whitneykenner/msdscript/Expr.cpp"],"name":"_ZN8VariableC2ENSt3__112basic_stringIcNS0_11char_traitsIcEENS0_9allocatorIcEEEE","regions":[[266,39,268,2,0,0,0,0]]},{"branches":[[277,9,277,21,0,0,0,0,4]],"count":0,"filenames":["/Users/whitneykenner/msdscript/Expr.cpp"],"name":"_ZN8Variable6equalsEP4Expr","regions":[[275,32,282,2,0,0,0,0],[277,9,277,21,0,0,0,0],[277,22,277,23,0,0,0,3],[277,23,279,6,0,0,0,0],[279,6,279,12,0,0,0,3],[279,12,281,6,0,0,0,0]]},{"branches":[],"count":0,"filenames":["/Users/whitneykenner/msdscript/Expr.cpp"],"name":"_ZN8Variable6interpEv","regions":[[288,24,290,2,0,0,0,0]]},{"branches":[],"count":0,"filenames":["/Users/whitneykenner/msdscript/Expr.cpp"],"name":"_ZN8Variable11hasVariableEv","regions":[[296,30,298,2,0,0,0,0]]},{"branches":[[307,9,307,30,0,0,0,0,4]],"count":0,"filenames":["/Users/whitneykenner/msdscript/Expr.cpp"],"name":"_ZN8Variable5substENSt3__112basic_stringIcNS0_11char_traitsIcEENS0_9allocatorIcEEEEP4Expr","regions":[[306,54,312,2,0,0,0,0],[307,9,307,30,0,0,0,0],[307,31,307,32,0,0,0,3],[307,32,309,6,0,0,0,0],[309,6,309,12,0,0,0,3],[309,12,311,6,0,0,0,0]]},{"branches":[],"count":0,"filenames":["/Users/whitneykenner/msdscript/Expr.cpp"],"name":"_ZN8Variable5printERNSt3__113basic_ostreamIcNS0_11char_traitsIcEEEE","regions":[[318,42,320,2,0,0,0,0]]},{"branches":[],"count":0,"filenames":["/Users/whitneykenner/msdscript/Expr.cpp"],"name":"_ZN8Variable13prettyPrintAtERNSt3__113basic_ostreamIcNS0_11char_traitsIcEEEE12precedence_tRNS0_4fposI11__mbstate_tEEb","regions":[[327,108,329,2,0,0,0,0]]},{"branches":[],"count":0,"filenames":["/Users/whitneykenner/msdscript/Expr.cpp"],"name":"_ZN3LetC2ENSt3__112basic_stringIcNS0_11char_traitsIcEENS0_9allocatorIcEEEEP4ExprS8_","regions":[[332,61,336,2,0,0,0,0]]},{"branches":[[345,9,345,21,0,0,0,0,4],[348,16,348,39,0,0,0,0,4],[348,43,348,68,0,0,0,0,4],[348,72,348,99,0,0,0,0,4]],"count":0,"filenames":["/Users/whitneykenner/msdscript/Expr.cpp"],"name":"_ZN3Let6equalsEP4Expr","regions":[[343,27,350,2,0,0,0,0],[345,9,345,21,0,0,0,0],[345,22,345,23,0,0,0,3],[345,23,347,6,0,0,0,0],[347,6,347,12,0,0,0,3],[347,12,349,6,0,0,0,0],[348,16,348,39,0,0,0,0],[348,16,348,68,0,0,0,0],[348,43,348,68,0,0,0,0],[348,72,348,99,0,0,0,0]]},{"branches":[],"count":0,"filenames":["/Users/whitneykenner/msdscript/Expr.cpp"],"name":"_ZN3Let6interpEv","regions":[[357,19,363,2,0,0,0,0],[360,1,362,41,0,0,0,2]]},{"branches":[[371,13,371,37,0,0,0,0,4],[371,41,371,66,0,0,0,0,4]],"count":0,"filenames":["/Users/whitneykenner/msdscript/Expr.cpp"],"name":"_ZN3Let11hasVariableEv","regions":[[370,25,372,2,0,0,0,0],[371,13,371,37,0,0,0,0],[371,41,371,66,0,0,0,0]]},{"branches":[[385,9,385,32,0,0,0,0,4]],"count":0,"filenames":["/Users/whitneykenner/msdscript/Expr.cpp"],"name":"_ZN3Let5substENSt3__112basic_stringIcNS0_11char_traitsIcEENS0_9allocatorIcEEEEP4Expr","regions":[[383,50,393,2,0,0,0,0],[384,1,384,56,0,0,0,2],[385,9,385,32,0,0,0,0],[385,33,385,34,0,0,0,3],[385,34,390,6,0,0,0,0],[387,1,389,98,0,0,0,2],[390,6,390,12,0,0,0,3],[390,12,392,6,0,0,0,0]]},{"branches":[],"count":0,"filenames":["/Users/whitneykenner/msdscript/Expr.cpp"],"name":"_ZN3Let5printERNSt3__113basic_ostreamIcNS0_11char_traitsIcEEEE","regions":[[399,37,405,2,0,0,0,0]]},{"branches":[[416,9,416,15,0,0,0,0,4],[432,9,432,15,0,0,0,0,4]],"count":0,"filenames":["/Users/whitneykenner/msdscript/Expr.cpp"],"name":"_ZN3Let13prettyPrintAtERNSt3__113basic_ostreamIcNS0_11char_traitsIcEEEE12precedence_tRNS0_4fposI11__mbstate_tEEb","regions":[[415,103,435,2,0,0,0,0],[416,9,416,15,0,0,0,0],[416,16,416,17,0,0,0,3],[416,17,418,6,0,0,0,0],[419,1,419,1,0,0,0,2],[432,9,432,15,0,0,0,0],[432,16,432,17,0,0,0,3],[432,17,434,6,0,0,0,0]]},{"branches":[[20,9,20,29,0,1,0,0,4],[26,9,26,29,0,1,0,0,4],[27,13,27,47,0,0,0,0,4],[32,9,32,31,0,1,0,0,4],[34,16,34,37,0,1,0,0,4],[36,16,36,44,0,1,0,0,4]],"count":1,"filenames":["/Users/whitneykenner/msdscript/cmdline.cpp"],"name":"_Z13use_argumentsiPPc","regions":[[18,49,41,2,1,0,0,0],[20,9,20,29,1,0,0,0],[20,30,20,31,0,0,0,3],[20,31,25,6,0,0,0,0],[25,6,26,5,1,0,0,3],[26,5,41,2,1,0,0,0],[26,9,26,29,1,0,0,0],[26,30,26,31,0,0,0,3],[26,31,31,6,0,0,0,0],[27,13,27,47,0,0,0,0],[27,48,27,49,0,0,0,3],[27,49,29,10,0,0,0,0],[29,10,30,9,0,0,0,3],[30,9,30,16,0,0,0,0],[31,6,32,5,1,0,0,3],[32,5,41,2,1,0,0,0],[32,9,32,31,1,0,0,0],[32,32,32,33,0,0,0,3],[32,33,34,6,0,0,0,0],[34,6,34,12,1,0,0,3],[34,12,40,6,1,0,0,0],[34,16,34,37,1,0,0,0],[34,38,34,39,0,0,0,3],[34,39,36,6,0,0,0,0],[36,6,36,12,1,0,0,3],[36,12,40,6,1,0,0,0],[36,16,36,44,1,0,0,0],[36,45,36,46,0,0,0,3],[36,46,38,6,0,0,0,0],[38,6,38,12,1,0,0,3],[38,12,40,6,1,0,0,0]]},{"branches":[],"count":0,"filenames":["/Users/whitneykenner/msdscript/Tests.cpp"],"name":"Tests.cpp:_ZL19C_A_T_C_H_T_E_S_T_0v","regions":[[17,40,24,2,0,0,0,0],[21,1,21,1,0,0,0,2],[23,10,24,2,0,0,0,0]]},{"branches":[],"count":0,"filenames":["/Users/whitneykenner/msdscript/Tests.cpp"],"name":"Tests.cpp:_ZL19C_A_T_C_H_T_E_S_T_2v","regions":[[26,36,36,2,0,0,0,0],[33,1,33,1,0,0,0,2],[35,10,36,2,0,0,0,0]]},{"branches":[],"count":0,"filenames":["/Users/whitneykenner/msdscript/Tests.cpp"],"name":"Tests.cpp:_ZL19C_A_T_C_H_T_E_S_T_4v","regions":[[38,37,49,2,0,0,0,0],[45,1,45,1,0,0,0,2],[47,10,49,2,0,0,0,0],[48,1,48,1,0,0,0,2]]},{"branches":[],"count":0,"filenames":["/Users/whitneykenner/msdscript/Tests.cpp"],"name":"Tests.cpp:_ZL19C_A_T_C_H_T_E_S_T_6v","regions":[[51,41,61,2,0,0,0,0],[56,1,56,1,0,0,0,2],[58,10,61,2,0,0,0,0],[59,10,61,2,0,0,0,0],[60,10,61,2,0,0,0,0]]},{"branches":[],"count":0,"filenames":["/Users/whitneykenner/msdscript/Tests.cpp"],"name":"Tests.cpp:_ZL19C_A_T_C_H_T_E_S_T_8v","regions":[[63,34,85,2,0,0,0,0],[68,1,68,1,0,0,0,2],[72,1,72,1,0,0,0,2],[77,1,77,1,0,0,0,2],[81,1,81,1,0,0,0,2],[83,10,85,2,0,0,0,0],[84,1,84,1,0,0,0,2]]},{"branches":[],"count":0,"filenames":["/Users/whitneykenner/msdscript/Tests.cpp"],"name":"Tests.cpp:_ZL20C_A_T_C_H_T_E_S_T_10v","regions":[[87,34,110,2,0,0,0,0],[92,1,92,1,0,0,0,2],[96,1,96,1,0,0,0,2],[101,1,101,1,0,0,0,2],[105,1,105,1,0,0,0,2],[107,10,110,2,0,0,0,0],[108,10,110,2,0,0,0,0],[109,1,109,1,0,0,0,2]]},{"branches":[],"count":0,"filenames":["/Users/whitneykenner/msdscript/Tests.cpp"],"name":"Tests.cpp:_ZL20C_A_T_C_H_T_E_S_T_12v","regions":[[112,38,153,2,0,0,0,0],[117,1,117,1,0,0,0,2],[121,1,121,1,0,0,0,2],[125,1,125,1,0,0,0,2],[130,1,130,1,0,0,0,2],[134,1,135,15,0,0,0,2],[137,10,153,2,0,0,0,0],[138,1,138,14,0,0,0,2],[139,10,153,2,0,0,0,0],[140,10,153,2,0,0,0,0],[141,1,141,15,0,0,0,2],[142,10,153,2,0,0,0,0],[143,10,153,2,0,0,0,0],[144,1,144,30,0,0,0,2],[145,10,153,2,0,0,0,0],[146,10,153,2,0,0,0,0],[147,1,147,20,0,0,0,2],[148,22,153,2,0,0,0,0],[149,22,153,2,0,0,0,0],[150,10,153,2,0,0,0,0],[151,10,153,2,0,0,0,0]]},{"branches":[],"count":0,"filenames":["/Users/whitneykenner/msdscript/Tests.cpp"],"name":"Tests.cpp:_ZL20C_A_T_C_H_T_E_S_T_14v","regions":[[155,41,187,2,0,0,0,0],[158,1,158,1,0,0,0,2],[163,1,163,1,0,0,0,2],[167,1,167,1,0,0,0,2],[172,1,172,1,0,0,0,2],[176,1,177,15,0,0,0,2],[179,1,179,10,0,0,0,2],[180,10,187,2,0,0,0,0],[181,1,181,10,0,0,0,2],[182,10,187,2,0,0,0,0],[183,10,187,2,0,0,0,0],[184,1,184,19,0,0,0,2],[185,10,187,2,0,0,0,0],[186,10,187,2,0,0,0,0]]},{"branches":[],"count":0,"filenames":["/Users/whitneykenner/msdscript/Tests.cpp"],"name":"Tests.cpp:_ZL20C_A_T_C_H_T_E_S_T_16v","regions":[[189,39,226,2,0,0,0,0],[192,1,192,1,0,0,0,2],[197,1,197,1,0,0,0,2],[201,1,201,1,0,0,0,2],[206,1,206,1,0,0,0,2],[210,1,210,10,0,0,0,2],[214,1,214,1,0,0,0,2],[215,10,226,2,0,0,0,0],[218,1,218,21,0,0,0,2],[219,10,226,2,0,0,0,0],[220,1,220,42,0,0,0,2],[221,10,226,2,0,0,0,0],[222,1,222,1,0,0,0,2],[223,10,226,2,0,0,0,0],[224,10,226,2,0,0,0,0],[225,10,226,2,0,0,0,0]]},{"branches":[],"count":0,"filenames":["/Users/whitneykenner/msdscript/Tests.cpp"],"name":"Tests.cpp:_ZL20C_A_T_C_H_T_E_S_T_18v","regions":[[228,32,262,2,0,0,0,0],[231,1,231,1,0,0,0,2],[236,1,236,1,0,0,0,2],[241,1,241,1,0,0,0,2],[246,1,247,19,0,0,0,2],[249,1,249,24,0,0,0,2],[250,10,262,2,0,0,0,0],[251,1,251,31,0,0,0,2],[252,10,262,2,0,0,0,0],[253,10,262,2,0,0,0,0],[254,10,262,2,0,0,0,0],[255,10,262,2,0,0,0,0],[256,1,256,32,0,0,0,2],[257,10,262,2,0,0,0,0],[258,10,262,2,0,0,0,0],[259,10,262,2,0,0,0,0],[260,10,262,2,0,0,0,0],[261,1,261,1,0,0,0,2]]},{"branches":[],"count":0,"filenames":["/Users/whitneykenner/msdscript/Tests.cpp"],"name":"Tests.cpp:_ZL20C_A_T_C_H_T_E_S_T_20v","regions":[[264,35,306,2,0,0,0,0],[267,1,267,1,0,0,0,2],[272,1,272,1,0,0,0,2],[277,1,277,1,0,0,0,2],[284,1,285,63,0,0,0,2],[287,10,306,2,0,0,0,0],[288,1,288,51,0,0,0,2],[289,10,306,2,0,0,0,0],[290,10,306,2,0,0,0,0],[291,10,306,2,0,0,0,0],[293,10,306,2,0,0,0,0],[295,10,306,2,0,0,0,0],[297,1,298,53,0,0,0,2],[299,10,306,2,0,0,0,0],[300,10,306,2,0,0,0,0],[301,10,306,2,0,0,0,0],[302,1,303,1,0,0,0,2],[304,10,306,2,0,0,0,0],[305,10,306,2,0,0,0,0]]},{"branches":[],"count":0,"filenames":["/Users/whitneykenner/msdscript/Tests.cpp"],"name":"Tests.cpp:_ZL20C_A_T_C_H_T_E_S_T_22v","regions":[[308,40,348,2,0,0,0,0],[313,1,313,1,0,0,0,2],[316,1,316,1,0,0,0,2],[322,1,322,1,0,0,0,2],[324,1,324,1,0,0,0,2],[326,1,326,1,0,0,0,2],[328,1,328,1,0,0,0,2],[332,1,332,1,0,0,0,2],[333,5,348,2,0,0,0,0],[336,1,336,1,0,0,0,2],[337,5,348,2,0,0,0,0],[340,1,340,1,0,0,0,2],[341,5,348,2,0,0,0,0],[344,1,344,1,0,0,0,2],[345,5,348,2,0,0,0,0]]},{"branches":[],"count":0,"filenames":["/Users/whitneykenner/msdscript/Tests.cpp"],"name":"Tests.cpp:_ZL20C_A_T_C_H_T_E_S_T_24v","regions":[[350,41,392,2,0,0,0,0],[355,1,355,1,0,0,0,2],[358,1,358,1,0,0,0,2],[364,1,364,1,0,0,0,2],[368,1,368,1,0,0,0,2],[369,5,392,2,0,0,0,0],[372,1,372,1,0,0,0,2],[373,5,392,2,0,0,0,0],[376,1,376,1,0,0,0,2],[377,5,392,2,0,0,0,0],[380,1,380,1,0,0,0,2],[384,1,384,1,0,0,0,2],[385,5,392,2,0,0,0,0],[388,1,388,1,0,0,0,2],[389,5,392,2,0,0,0,0]]},{"branches":[],"count":0,"filenames":["/Users/whitneykenner/msdscript/Tests.cpp"],"name":"Tests.cpp:_ZL20C_A_T_C_H_T_E_S_T_26v","regions":[[394,38,412,2,0,0,0,0],[397,1,397,1,0,0,0,2],[402,1,402,1,0,0,0,2],[403,5,412,2,0,0,0,0],[407,1,407,1,0,0,0,2],[408,5,412,2,0,0,0,0]]},{"branches":[],"count":0,"filenames":["/Users/whitneykenner/msdscript/Tests.cpp"],"name":"Tests.cpp:_ZL20C_A_T_C_H_T_E_S_T_28v","regions":[[414,37,432,2,0,0,0,0],[417,1,417,1,0,0,0,2],[422,1,422,1,0,0,0,2],[423,5,432,2,0,0,0,0],[427,1,427,1,0,0,0,2],[428,5,432,2,0,0,0,0]]},{"branches":[],"count":0,"filenames":["/Users/whitneykenner/msdscript/Tests.cpp"],"name":"Tests.cpp:_ZL20C_A_T_C_H_T_E_S_T_30v","regions":[[434,42,447,2,0,0,0,0],[437,1,437,1,0,0,0,2],[442,1,442,1,0,0,0,2],[443,5,447,2,0,0,0,0]]},{"branches":[],"count":0,"filenames":["/Users/whitneykenner/msdscript/Tests.cpp"],"name":"Tests.cpp:_ZL20C_A_T_C_H_T_E_S_T_32v","regions":[[450,1,454,2,0,0,0,0]]},{"branches":[],"count":0,"filenames":["/Users/whitneykenner/msdscript/Tests.cpp"],"name":"Tests.cpp:_ZL20C_A_T_C_H_T_E_S_T_34v","regions":[[457,1,461,2,0,0,0,0]]},{"branches":[],"count":0,"filenames":["/Users/whitneykenner/msdscript/Tests.cpp"],"name":"Tests.cpp:_ZL20C_A_T_C_H_T_E_S_T_36v","regions":[[463,26,496,2,0,0,0,0],[468,1,468,1,0,0,0,2],[476,1,476,1,0,0,0,2],[480,1,480,1,0,0,0,2],[483,1,484,31,0,0,0,2],[486,10,496,2,0,0,0,0],[487,1,487,24,0,0,0,2],[488,10,496,2,0,0,0,0],[489,1,489,58,0,0,0,2],[490,10,496,2,0,0,0,0],[491,10,496,2,0,0,0,0],[492,10,496,2,0,0,0,0],[493,10,496,2,0,0,0,0],[494,10,496,2,0,0,0,0],[495,10,496,2,0,0,0,0]]},{"branches":[],"count":0,"filenames":["/Users/whitneykenner/msdscript/Tests.cpp"],"name":"Tests.cpp:_ZL20C_A_T_C_H_T_E_S_T_38v","regions":[[498,31,506,2,0,0,0,0],[502,1,502,1,0,0,0,2],[504,10,506,2,0,0,0,0],[505,10,506,2,0,0,0,0]]},{"branches":[],"count":0,"filenames":["/Users/whitneykenner/msdscript/Tests.cpp"],"name":"Tests.cpp:_ZL20C_A_T_C_H_T_E_S_T_40v","regions":[[508,36,523,2,0,0,0,0],[513,1,513,1,0,0,0,2],[516,1,516,1,0,0,0,2],[518,22,523,2,0,0,0,0],[519,10,523,2,0,0,0,0],[522,1,522,1,0,0,0,2]]},{"branches":[],"count":0,"filenames":["/Users/whitneykenner/msdscript/Tests.cpp"],"name":"Tests.cpp:_ZL20C_A_T_C_H_T_E_S_T_42v","regions":[[525,41,558,2,0,0,0,0],[528,5,558,2,0,0,0,0],[530,5,558,2,0,0,0,0],[532,5,558,2,0,0,0,0],[536,5,558,2,0,0,0,0],[540,5,558,2,0,0,0,0],[543,5,558,2,0,0,0,0],[554,10,558,2,0,0,0,0],[555,5,558,2,0,0,0,0],[557,1,557,1,0,0,0,2]]},{"branches":[],"count":0,"filenames":["/Users/whitneykenner/msdscript/Tests.cpp"],"name":"Tests.cpp:_ZL20C_A_T_C_H_T_E_S_T_44v","regions":[[560,39,640,2,0,0,0,0],[576,1,576,13,0,0,0,2],[580,5,640,2,0,0,0,0],[583,5,640,2,0,0,0,0],[586,5,640,2,0,0,0,0],[589,5,640,2,0,0,0,0],[592,1,592,13,0,0,0,2],[593,5,640,2,0,0,0,0],[596,5,640,2,0,0,0,0],[599,5,640,2,0,0,0,0],[602,5,640,2,0,0,0,0],[605,5,640,2,0,0,0,0],[608,1,608,13,0,0,0,2],[609,5,640,2,0,0,0,0],[612,5,640,2,0,0,0,0],[615,5,640,2,0,0,0,0],[618,5,640,2,0,0,0,0],[621,5,640,2,0,0,0,0],[624,1,624,13,0,0,0,2],[625,5,640,2,0,0,0,0],[628,5,640,2,0,0,0,0],[631,5,640,2,0,0,0,0],[634,5,640,2,0,0,0,0],[637,5,640,2,0,0,0,0]]},{"branches":[],"count":0,"filenames":["/Users/whitneykenner/msdscript/Tests.cpp"],"name":"Tests.cpp:_ZL20C_A_T_C_H_T_E_S_T_46v","regions":[[642,32,648,2,0,0,0,0]]},{"branches":[],"count":0,"filenames":["/Users/whitneykenner/msdscript/Tests.cpp"],"name":"Tests.cpp:_ZL20C_A_T_C_H_T_E_S_T_48v","regions":[[650,31,690,2,0,0,0,0],[652,1,652,31,0,0,0,2],[656,10,690,2,0,0,0,0],[658,1,658,39,0,0,0,2],[659,10,690,2,0,0,0,0],[662,10,690,2,0,0,0,0],[665,1,665,40,0,0,0,2],[666,10,690,2,0,0,0,0],[669,10,690,2,0,0,0,0],[672,1,672,36,0,0,0,2],[673,10,690,2,0,0,0,0],[681,10,690,2,0,0,0,0],[689,1,689,1,0,0,0,2]]},{"branches":[],"count":0,"filenames":["/Users/whitneykenner/msdscript/Tests.cpp"],"name":"Tests.cpp:_ZL20C_A_T_C_H_T_E_S_T_50v","regions":[[692,42,724,2,0,0,0,0],[697,5,724,2,0,0,0,0],[701,5,724,2,0,0,0,0],[705,5,724,2,0,0,0,0],[709,5,724,2,0,0,0,0],[713,1,713,1,0,0,0,2],[717,5,724,2,0,0,0,0],[723,1,723,1,0,0,0,2]]},{"branches":[],"count":0,"filenames":["/Users/whitneykenner/msdscript/Tests.cpp"],"name":"Tests.cpp:_ZL20C_A_T_C_H_T_E_S_T_52v","regions":[[726,80,816,2,0,0,0,0],[740,1,741,1,0,0,0,2],[747,10,816,2,0,0,0,0],[753,10,816,2,0,0,0,0],[759,5,816,2,0,0,0,0],[773,1,773,1,0,0,0,2],[774,10,816,2,0,0,0,0],[777,12,816,2,0,0,0,0],[777,13,777,36,0,0,0,3],[777,36,785,6,0,0,0,0],[781,14,785,6,0,0,0,0],[786,1,786,1,0,0,0,2],[787,12,816,2,0,0,0,0],[787,13,787,25,0,0,0,3],[787,25,815,6,0,0,0,0],[791,14,815,6,0,0,0,0],[795,14,815,6,0,0,0,0],[800,14,815,6,0,0,0,0],[805,14,815,6,0,0,0,0],[810,14,815,6,0,0,0,0]]},{"branches":[],"count":0,"filenames":["/Users/whitneykenner/msdscript/Tests.cpp"],"name":"Tests.cpp:_ZL20C_A_T_C_H_T_E_S_T_56v","regions":[[818,38,835,2,0,0,0,0],[819,13,819,28,0,0,0,3],[819,28,822,6,0,0,0,0],[822,13,835,2,0,0,0,0],[822,14,822,43,0,0,0,3],[822,43,825,6,0,0,0,0],[825,13,835,2,0,0,0,0],[825,14,825,43,0,0,0,3],[825,43,828,6,0,0,0,0],[828,13,835,2,0,0,0,0],[828,14,828,44,0,0,0,3],[828,44,831,6,0,0,0,0],[831,13,835,2,0,0,0,0],[831,14,831,33,0,0,0,3],[831,33,834,6,0,0,0,0]]},{"branches":[],"count":0,"filenames":["/Users/whitneykenner/msdscript/Tests.cpp"],"name":"Tests.cpp:_ZL20C_A_T_C_H_T_E_S_T_63v","regions":[[837,44,843,2,0,0,0,0],[838,13,838,20,0,0,0,3],[838,20,840,6,0,0,0,0],[840,13,843,2,0,0,0,0],[840,14,840,30,0,0,0,3],[840,30,842,6,0,0,0,0]]},{"branches":[],"count":0,"filenames":["/Users/whitneykenner/msdscript/Tests.cpp"],"name":"Tests.cpp:_ZL20C_A_T_C_H_T_E_S_T_67v","regions":[[845,37,855,2,0,0,0,0],[849,10,855,2,0,0,0,0]]},{"branches":[],"count":0,"filenames":["/Users/whitneykenner/msdscript/Tests.cpp"],"name":"Tests.cpp:_ZL20C_A_T_C_H_T_E_S_T_69v","regions":[[857,39,898,2,0,0,0,0],[858,13,858,28,0,0,0,3],[858,28,861,6,0,0,0,0],[860,14,861,6,0,0,0,0],[861,13,898,2,0,0,0,0],[861,14,861,47,0,0,0,3],[861,47,882,6,0,0,0,0],[867,14,882,6,0,0,0,0],[870,14,882,6,0,0,0,0],[874,14,882,6,0,0,0,0],[878,26,882,6,0,0,0,0],[882,13,898,2,0,0,0,0],[882,14,882,43,0,0,0,3],[882,43,885,6,0,0,0,0],[886,10,898,2,0,0,0,0],[890,10,898,2,0,0,0,0],[894,10,898,2,0,0,0,0]]},{"branches":[],"count":0,"filenames":["/Users/whitneykenner/msdscript/Tests.cpp"],"name":"Tests.cpp:_ZL20C_A_T_C_H_T_E_S_T_74v","regions":[[900,34,905,2,0,0,0,0],[903,12,905,2,0,0,0,0]]},{"branches":[],"count":0,"filenames":["/Users/whitneykenner/msdscript/Tests.cpp"],"name":"Tests.cpp:_ZL20C_A_T_C_H_T_E_S_T_76v","regions":[[910,20,947,2,0,0,0,0],[912,1,912,1,0,0,0,2],[913,10,947,2,0,0,0,0],[914,10,947,2,0,0,0,0],[915,1,915,1,0,0,0,2],[916,22,947,2,0,0,0,0],[917,1,917,1,0,0,0,2],[918,10,947,2,0,0,0,0],[919,10,947,2,0,0,0,0],[920,10,947,2,0,0,0,0],[921,10,947,2,0,0,0,0],[922,22,947,2,0,0,0,0],[923,1,927,1,0,0,0,2],[928,22,947,2,0,0,0,0],[929,1,929,1,0,0,0,2],[930,10,947,2,0,0,0,0],[931,10,947,2,0,0,0,0],[932,10,947,2,0,0,0,0],[933,22,947,2,0,0,0,0],[934,1,934,1,0,0,0,2],[935,10,947,2,0,0,0,0],[936,1,936,1,0,0,0,2],[937,10,947,2,0,0,0,0],[938,1,938,1,0,0,0,2],[939,10,947,2,0,0,0,0],[942,1,942,1,0,0,0,2],[943,10,947,2,0,0,0,0],[946,1,946,1,0,0,0,2]]},{"branches":[],"count":0,"filenames":["/Users/whitneykenner/msdscript/Parse.cpp"],"name":"_Z5parseRNSt3__113basic_istreamIcNS_11char_traitsIcEEEE","regions":[[12,30,14,2,0,0,0,0]]},{"branches":[],"count":0,"filenames":["/Users/whitneykenner/msdscript/Parse.cpp"],"name":"_Z11parseStringNSt3__112basic_stringIcNS_11char_traitsIcEENS_9allocatorIcEEEE","regions":[[15,38,19,2,0,0,0,0]]},{"branches":[[23,9,23,25,0,0,0,0,4],[27,9,27,25,0,0,0,0,4],[27,29,27,47,0,0,0,0,4],[32,13,32,30,0,0,0,0,4],[39,9,39,19,0,0,0,0,4]],"count":0,"filenames":["/Users/whitneykenner/msdscript/Parse.cpp"],"name":"_Z8parseNumRNSt3__113basic_istreamIcNS_11char_traitsIcEEEE","regions":[[20,34,43,2,0,0,0,0],[23,9,23,25,0,0,0,0],[23,26,23,27,0,0,0,3],[23,27,26,6,0,0,0,0],[27,9,27,25,0,0,0,0],[27,9,27,47,0,0,0,0],[27,29,27,47,0,0,0,0],[27,48,29,6,0,0,0,0],[29,6,30,5,0,0,0,3],[30,5,42,24,0,0,0,0],[30,12,30,13,0,0,0,0],[30,14,30,15,0,0,0,3],[30,15,38,6,0,0,0,0],[32,13,32,30,0,0,0,0],[32,31,32,32,0,0,0,3],[32,32,35,10,0,0,0,0],[35,10,35,16,0,0,0,3],[35,16,37,10,0,0,0,0],[39,9,39,19,0,0,0,0],[39,20,39,21,0,0,0,3],[39,21,41,6,0,0,0,0]]},{"branches":[[48,9,48,27,0,0,0,0,4]],"count":0,"filenames":["/Users/whitneykenner/msdscript/Parse.cpp"],"name":"_Z7consumeRNSt3__113basic_istreamIcNS_11char_traitsIcEEEEi","regions":[[46,44,51,2,0,0,0,0],[48,9,48,27,0,0,0,0],[48,28,48,29,0,0,0,3],[48,29,50,6,0,0,0,0]]},{"branches":[[56,13,56,31,0,0,0,0,4]],"count":0,"filenames":["/Users/whitneykenner/msdscript/Parse.cpp"],"name":"_Z14skipWhitespaceRNSt3__113basic_istreamIcNS_11char_traitsIcEEEE","regions":[[53,39,61,2,0,0,0,0],[54,12,54,13,0,0,0,0],[54,14,54,15,0,0,0,3],[54,15,60,6,0,0,0,0],[56,13,56,31,0,0,0,0],[56,32,56,33,0,0,0,3],[56,33,58,10,0,0,0,0],[58,10,59,9,0,0,0,3],[59,9,60,6,0,0,0,0]]},{"branches":[[68,9,68,24,0,0,0,0,4]],"count":0,"filenames":["/Users/whitneykenner/msdscript/Parse.cpp"],"name":"_Z9parseExprRNSt3__113basic_istreamIcNS_11char_traitsIcEEEE","regions":[[63,35,75,2,0,0,0,0],[68,9,68,24,0,0,0,0],[68,25,68,26,0,0,0,3],[68,26,72,6,0,0,0,0],[72,6,73,9,0,0,0,3],[73,9,73,17,0,0,0,0],[74,1,74,1,0,0,0,2]]},{"branches":[[82,9,82,24,0,0,0,0,4]],"count":0,"filenames":["/Users/whitneykenner/msdscript/Parse.cpp"],"name":"_Z11parseAddendRNSt3__113basic_istreamIcNS_11char_traitsIcEEEE","regions":[[77,37,89,2,0,0,0,0],[82,9,82,24,0,0,0,0],[82,25,82,26,0,0,0,3],[82,26,86,6,0,0,0,0],[86,6,87,9,0,0,0,3],[87,9,87,17,0,0,0,0],[88,1,88,1,0,0,0,2]]},{"branches":[[96,13,96,30,0,0,0,0,4],[99,20,99,35,0,0,0,0,4]],"count":0,"filenames":["/Users/whitneykenner/msdscript/Parse.cpp"],"name":"_Z13parseVariableRNSt3__113basic_istreamIcNS_11char_traitsIcEEEE","regions":[[91,39,106,2,0,0,0,0],[93,1,93,1,0,0,0,2],[94,12,94,13,0,0,0,0],[94,14,94,15,0,0,0,3],[94,15,104,6,0,0,0,0],[96,13,96,30,0,0,0,0],[96,31,96,32,0,0,0,3],[96,32,99,10,0,0,0,0],[99,10,99,16,0,0,0,3],[99,16,103,10,0,0,0,0],[99,20,99,35,0,0,0,0],[99,36,99,37,0,0,0,3],[99,37,101,10,0,0,0,0],[101,14,103,10,0,0,0,0],[104,6,105,5,0,0,0,3],[105,5,105,44,0,0,0,0]]},{"branches":[],"count":0,"filenames":["/Users/whitneykenner/msdscript/Parse.cpp"],"name":"_Z8parseLetRNSt3__113basic_istreamIcNS_11char_traitsIcEEEE","regions":[[109,34,132,2,0,0,0,0],[118,1,118,18,0,0,0,2],[123,1,123,1,0,0,0,2],[128,1,128,1,0,0,0,2],[130,1,130,1,0,0,0,2]]},{"branches":[[138,9,138,26,0,0,0,0,4],[138,30,138,47,0,0,0,0,4],[140,15,140,30,0,0,0,0,4],[142,15,142,32,0,0,0,0,4],[144,16,144,31,0,0,0,0,4],[149,13,149,28,0,0,0,0,4]],"count":0,"filenames":["/Users/whitneykenner/msdscript/Parse.cpp"],"name":"_Z14parseMulticandRNSt3__113basic_istreamIcNS_11char_traitsIcEEEE","regions":[[135,40,157,2,0,0,0,0],[138,9,138,26,0,0,0,0],[138,9,138,47,0,0,0,0],[138,30,138,47,0,0,0,0],[138,48,138,49,0,0,0,3],[138,49,140,6,0,0,0,0],[140,10,140,11,0,0,0,3],[140,11,156,6,0,0,0,0],[140,15,140,30,0,0,0,0],[140,31,140,32,0,0,0,3],[140,32,142,6,0,0,0,0],[142,10,142,11,0,0,0,3],[142,11,156,6,0,0,0,0],[142,15,142,32,0,0,0,0],[142,33,142,34,0,0,0,3],[142,34,144,6,0,0,0,0],[144,6,144,12,0,0,0,3],[144,12,156,6,0,0,0,0],[144,16,144,31,0,0,0,0],[144,32,144,33,0,0,0,3],[144,33,153,6,0,0,0,0],[149,13,149,28,0,0,0,0],[149,29,150,13,0,0,0,3],[150,13,150,66,0,0,0,0],[150,67,151,9,0,0,0,3],[151,9,151,17,0,0,0,0],[152,1,152,1,0,0,0,2],[153,6,153,12,0,0,0,3],[153,12,156,6,0,0,0,0]]}],"totals":{"branches":{"count":106,"covered":8,"notcovered":98,"percent":7.5471698113207548},"functions":{"count":83,"covered":2,"percent":2.4096385542168677},"instantiations":{"count":83,"covered":2,"percent":2.4096385542168677},"lines":{"count":1151,"covered":21,"percent":1.8245004344048652},"regions":{"count":387,"covered":18,"notcovered":369,"percent":4.6511627906976747}}}],"type":"llvm.coverage.json.export","version":"2.0.1"}