{"data":[{"files":[{"branches":[[53,9,53,18,0,0,0,0,4],[114,9,114,18,0,0,0,0,4],[117,16,117,41,0,0,0,0,4],[117,45,117,70,0,0,0,0,4],[132,13,132,37,0,0,0,0,4],[132,41,132,65,0,0,0,0,4],[160,9,160,25,0,0,0,0,4],[166,9,166,25,0,0,0,0,4],[187,9,187,18,0,0,0,0,4],[190,16,190,42,0,0,0,0,4],[190,46,190,71,0,0,0,0,4],[205,13,205,37,0,0,0,0,4],[205,41,205,65,0,0,0,0,4],[233,9,233,26,0,0,0,0,4],[240,9,240,26,0,0,0,0,4],[259,9,259,18,0,0,0,0,4],[286,9,286,30,0,0,0,0,4]],"expansions":[],"filename":"/Users/whitneykenner/msdscript/Expr.cpp","segments":[[18,29,0,true,true,false],[22,2,0,false,false,false],[27,43,0,true,true,false],[29,2,0,false,false,false],[34,35,0,true,true,false],[38,2,0,false,false,false],[43,20,0,true,true,false],[45,2,0,false,false,false],[51,26,0,true,true,false],[53,9,0,true,true,false],[53,18,0,true,false,false],[53,20,0,true,true,false],[55,6,0,true,false,false],[55,10,0,true,true,false],[57,6,0,true,false,false],[58,2,0,false,false,false],[63,18,0,true,true,false],[65,2,0,false,false,false],[70,24,0,true,true,false],[72,2,0,false,false,false],[79,48,0,true,true,false],[81,2,0,false,false,false],[86,36,0,true,true,false],[88,2,0,false,false,false],[94,63,0,true,true,false],[96,2,0,false,false,false],[103,42,0,true,true,false],[106,2,0,false,false,false],[112,26,0,true,true,false],[114,9,0,true,true,false],[114,18,0,true,false,false],[114,20,0,true,true,false],[116,6,0,true,false,false],[116,10,0,true,true,false],[117,16,0,true,true,false],[117,41,0,true,false,false],[117,45,0,true,true,false],[117,70,0,true,false,false],[119,2,0,false,false,false],[124,18,0,true,true,false],[126,2,0,false,false,false],[131,24,0,true,true,false],[132,13,0,true,true,false],[132,37,0,true,false,false],[132,41,0,true,true,false],[132,65,0,true,false,false],[133,2,0,false,false,false],[140,48,0,true,true,false],[142,2,0,false,false,false],[147,36,0,true,true,false],[153,2,0,false,false,false],[159,63,0,true,true,false],[160,9,0,true,true,false],[160,25,0,true,false,false],[160,27,0,true,true,false],[162,6,0,true,false,false],[166,9,0,true,true,false],[166,25,0,true,false,false],[166,27,0,true,true,false],[168,6,0,true,false,false],[169,2,0,false,false,false],[176,44,0,true,true,false],[179,2,0,false,false,false],[185,27,0,true,true,false],[187,9,0,true,true,false],[187,18,0,true,false,false],[187,20,0,true,true,false],[189,6,0,true,false,false],[189,10,0,true,true,false],[190,16,0,true,true,false],[190,42,0,true,false,false],[190,46,0,true,true,false],[190,71,0,true,false,false],[192,2,0,false,false,false],[197,19,0,true,true,false],[199,2,0,false,false,false],[204,25,0,true,true,false],[205,13,0,true,true,false],[205,37,0,true,false,false],[205,41,0,true,true,false],[205,65,0,true,false,false],[206,2,0,false,false,false],[213,49,0,true,true,false],[215,2,0,false,false,false],[220,37,0,true,true,false],[226,2,0,false,false,false],[232,64,0,true,true,false],[233,9,0,true,true,false],[233,26,0,true,false,false],[233,28,0,true,true,false],[235,1,0,false,true,false],[235,51,0,true,false,false],[240,9,0,true,true,false],[240,26,0,true,false,false],[240,28,0,true,true,false],[242,6,0,true,false,false],[243,2,0,false,false,false],[249,38,0,true,true,false],[251,2,0,false,false,false],[257,31,0,true,true,false],[259,9,0,true,true,false],[259,18,0,true,false,false],[259,20,0,true,true,false],[261,6,0,true,false,false],[261,10,0,true,true,false],[263,6,0,true,false,false],[264,2,0,false,false,false],[269,23,0,true,true,false],[271,2,0,false,false,false],[276,29,0,true,true,false],[278,2,0,false,false,false],[285,53,0,true,true,false],[286,9,0,true,true,false],[286,30,0,true,false,false],[286,32,0,true,true,false],[288,6,0,true,false,false],[288,10,0,true,true,false],[290,6,0,true,false,false],[291,2,0,false,false,false],[296,41,0,true,true,false],[298,2,0,false,false,false],[304,68,0,true,true,false],[306,2,0,false,false,false]],"summary":{"branches":{"count":34,"covered":0,"notcovered":34,"percent":0},"functions":{"count":31,"covered":0,"percent":0},"instantiations":{"count":31,"covered":0,"percent":0},"lines":{"count":147,"covered":0,"percent":0},"regions":{"count":62,"covered":0,"notcovered":62,"percent":0}}},{"branches":[],"expansions":[],"filename":"/Users/whitneykenner/msdscript/Tests.cpp","segments":[[16,39,0,true,true,false],[20,1,0,false,true,false],[20,5,0,true,false,false],[22,10,0,true,true,false],[23,2,0,false,false,false],[25,35,0,true,true,false],[32,1,0,false,true,false],[32,5,0,true,false,false],[34,10,0,true,true,false],[35,2,0,false,false,false],[37,36,0,true,true,false],[44,1,0,false,true,false],[44,5,0,true,false,false],[46,10,0,true,true,false],[47,1,0,false,true,false],[47,5,0,true,false,false],[48,2,0,false,false,false],[50,40,0,true,true,false],[54,1,0,false,true,false],[54,5,0,true,false,false],[56,10,0,true,true,false],[57,2,0,false,false,false],[59,33,0,true,true,false],[64,1,0,false,true,false],[64,5,0,true,false,false],[68,1,0,false,true,false],[68,5,0,true,false,false],[73,1,0,false,true,false],[73,5,0,true,false,false],[77,1,0,false,true,false],[77,5,0,true,false,false],[79,10,0,true,true,false],[80,1,0,false,true,false],[80,5,0,true,false,false],[81,2,0,false,false,false],[82,33,0,true,true,false],[87,1,0,false,true,false],[87,5,0,true,false,false],[91,1,0,false,true,false],[91,5,0,true,false,false],[96,1,0,false,true,false],[96,5,0,true,false,false],[100,1,0,false,true,false],[100,5,0,true,false,false],[102,10,0,true,true,false],[103,10,0,true,true,false],[104,1,0,false,true,false],[104,5,0,true,false,false],[105,2,0,false,false,false],[107,37,0,true,true,false],[112,1,0,false,true,false],[112,5,0,true,false,false],[116,1,0,false,true,false],[116,5,0,true,false,false],[120,1,0,false,true,false],[120,5,0,true,false,false],[125,1,0,false,true,false],[125,5,0,true,false,false],[129,1,0,false,true,false],[130,15,0,true,false,false],[132,10,0,true,true,false],[133,1,0,false,true,false],[133,14,0,true,false,false],[134,10,0,true,true,false],[135,10,0,true,true,false],[136,1,0,false,true,false],[136,15,0,true,false,false],[137,10,0,true,true,false],[138,10,0,true,true,false],[139,1,0,false,true,false],[139,30,0,true,false,false],[140,10,0,true,true,false],[141,10,0,true,true,false],[142,1,0,false,true,false],[142,20,0,true,false,false],[143,22,0,true,true,false],[144,22,0,true,true,false],[145,10,0,true,true,false],[146,10,0,true,true,false],[148,2,0,false,false,false],[150,40,0,true,true,false],[153,1,0,false,true,false],[153,5,0,true,false,false],[158,1,0,false,true,false],[158,5,0,true,false,false],[162,1,0,false,true,false],[162,5,0,true,false,false],[167,1,0,false,true,false],[167,5,0,true,false,false],[171,1,0,false,true,false],[172,15,0,true,false,false],[174,1,0,false,true,false],[174,10,0,true,false,false],[175,10,0,true,true,false],[176,1,0,false,true,false],[176,10,0,true,false,false],[177,10,0,true,true,false],[178,10,0,true,true,false],[179,1,0,false,true,false],[179,19,0,true,false,false],[180,10,0,true,true,false],[181,10,0,true,true,false],[182,2,0,false,false,false],[184,38,0,true,true,false],[187,1,0,false,true,false],[187,5,0,true,false,false],[192,1,0,false,true,false],[192,5,0,true,false,false],[196,1,0,false,true,false],[196,5,0,true,false,false],[201,1,0,false,true,false],[201,5,0,true,false,false],[205,1,0,false,true,false],[205,10,0,true,false,false],[209,1,0,false,true,false],[209,5,0,true,false,false],[210,10,0,true,true,false],[213,1,0,false,true,false],[213,21,0,true,false,false],[214,10,0,true,true,false],[215,1,0,false,true,false],[215,42,0,true,false,false],[216,10,0,true,true,false],[217,1,0,false,true,false],[217,5,0,true,false,false],[218,10,0,true,true,false],[219,10,0,true,true,false],[220,10,0,true,true,false],[221,2,0,false,false,false],[223,31,0,true,true,false],[226,1,0,false,true,false],[226,5,0,true,false,false],[231,1,0,false,true,false],[231,5,0,true,false,false],[236,1,0,false,true,false],[236,1,0,true,false,false],[241,1,0,false,true,false],[242,19,0,true,false,false],[244,1,0,false,true,false],[244,24,0,true,false,false],[245,10,0,true,true,false],[246,1,0,false,true,false],[246,31,0,true,false,false],[247,10,0,true,true,false],[248,10,0,true,true,false],[249,10,0,true,true,false],[250,10,0,true,true,false],[251,1,0,false,true,false],[251,32,0,true,false,false],[252,10,0,true,true,false],[253,10,0,true,true,false],[254,10,0,true,true,false],[255,10,0,true,true,false],[256,1,0,false,true,false],[256,5,0,true,false,false],[257,2,0,false,false,false],[259,34,0,true,true,false],[262,1,0,false,true,false],[262,5,0,true,false,false],[267,1,0,false,true,false],[267,5,0,true,false,false],[272,1,0,false,true,false],[272,1,0,true,false,false],[279,1,0,false,true,false],[280,63,0,true,false,false],[282,10,0,true,true,false],[283,1,0,false,true,false],[283,51,0,true,false,false],[284,10,0,true,true,false],[285,10,0,true,true,false],[286,10,0,true,true,false],[287,10,0,true,true,false],[288,10,0,true,true,false],[289,1,0,false,true,false],[290,53,0,true,false,false],[291,10,0,true,true,false],[292,10,0,true,true,false],[293,10,0,true,true,false],[294,1,0,false,true,false],[295,5,0,true,false,false],[296,10,0,true,true,false],[297,10,0,true,true,false],[298,2,0,false,false,false],[299,39,0,true,true,false],[304,1,0,false,true,false],[304,1,0,true,false,false],[307,1,0,false,true,false],[307,1,0,true,false,false],[313,1,0,false,true,false],[313,1,0,true,false,false],[315,1,0,false,true,false],[315,1,0,true,false,false],[317,1,0,false,true,false],[317,1,0,true,false,false],[319,1,0,false,true,false],[319,1,0,true,false,false],[323,1,0,false,true,false],[323,1,0,true,false,false],[324,5,0,true,true,false],[327,1,0,false,true,false],[327,1,0,true,false,false],[328,5,0,true,true,false],[331,1,0,false,true,false],[331,1,0,true,false,false],[332,5,0,true,true,false],[335,1,0,false,true,false],[335,1,0,true,false,false],[336,5,0,true,true,false],[339,2,0,false,false,false],[341,40,0,true,true,false],[346,1,0,false,true,false],[346,1,0,true,false,false],[349,1,0,false,true,false],[349,1,0,true,false,false],[355,1,0,false,true,false],[355,1,0,true,false,false],[359,1,0,false,true,false],[359,1,0,true,false,false],[360,5,0,true,true,false],[363,1,0,false,true,false],[363,1,0,true,false,false],[364,5,0,true,true,false],[367,1,0,false,true,false],[367,1,0,true,false,false],[368,5,0,true,true,false],[371,1,0,false,true,false],[371,1,0,true,false,false],[375,1,0,false,true,false],[375,1,0,true,false,false],[376,5,0,true,true,false],[379,1,0,false,true,false],[379,1,0,true,false,false],[380,5,0,true,true,false],[383,2,0,false,false,false],[385,37,0,true,true,false],[388,1,0,false,true,false],[388,1,0,true,false,false],[393,1,0,false,true,false],[393,1,0,true,false,false],[394,5,0,true,true,false],[398,1,0,false,true,false],[398,1,0,true,false,false],[399,5,0,true,true,false],[403,2,0,false,false,false],[405,36,0,true,true,false],[408,1,0,false,true,false],[408,1,0,true,false,false],[413,1,0,false,true,false],[413,1,0,true,false,false],[414,5,0,true,true,false],[418,1,0,false,true,false],[418,1,0,true,false,false],[419,5,0,true,true,false],[423,2,0,false,false,false],[425,41,0,true,true,false],[428,1,0,false,true,false],[428,1,0,true,false,false],[433,1,0,false,true,false],[433,1,0,true,false,false],[434,5,0,true,true,false],[438,2,0,false,false,false],[441,1,0,true,true,false],[444,2,0,false,false,false],[446,1,0,true,true,false],[449,2,0,false,false,false]],"summary":{"branches":{"count":0,"covered":0,"notcovered":0,"percent":0},"functions":{"count":18,"covered":0,"percent":0},"instantiations":{"count":18,"covered":0,"percent":0},"lines":{"count":329,"covered":0,"percent":0},"regions":{"count":81,"covered":0,"notcovered":81,"percent":0}}},{"branches":[[18,28,18,42,0,1,0,0,4],[20,13,20,33,0,0,0,0,4],[26,13,26,33,0,0,0,0,4],[27,17,27,30,0,0,0,0,4],[28,21,28,55,0,0,0,0,4]],"expansions":[],"filename":"/Users/whitneykenner/msdscript/cmdline.cpp","segments":[[16,49,1,true,true,false],[18,28,1,true,true,false],[18,42,1,true,false,false],[18,44,0,true,true,false],[18,54,1,true,false,false],[18,55,0,true,false,true],[18,56,0,true,true,false],[20,13,0,true,true,false],[20,33,0,true,false,false],[20,35,0,true,true,false],[25,10,0,true,false,true],[26,9,0,true,true,false],[26,13,0,true,true,false],[26,33,0,true,false,false],[26,35,0,true,true,false],[27,17,0,true,true,false],[27,30,0,true,false,false],[27,32,0,true,true,false],[28,21,0,true,true,false],[28,55,0,true,false,false],[28,56,0,true,true,false],[30,18,0,true,false,true],[31,17,0,true,true,false],[32,14,0,true,false,false],[32,18,0,true,true,false],[35,14,0,true,false,false],[36,14,0,true,true,false],[39,10,0,true,false,false],[40,6,1,true,false,true],[41,5,1,true,true,false],[41,11,1,true,false,false],[42,2,0,false,false,false]],"summary":{"branches":{"count":10,"covered":1,"notcovered":9,"percent":10},"functions":{"count":1,"covered":1,"percent":100},"instantiations":{"count":1,"covered":1,"percent":100},"lines":{"count":27,"covered":5,"percent":18.518518518518519},"regions":{"count":17,"covered":3,"notcovered":14,"percent":17.647058823529413}}},{"branches":[],"expansions":[],"filename":"/Users/whitneykenner/msdscript/main.cpp","segments":[[15,41,1,true,true,false],[16,1,0,false,true,false],[16,5,1,true,false,false],[19,2,0,false,false,false]],"summary":{"branches":{"count":0,"covered":0,"notcovered":0,"percent":0},"functions":{"count":1,"covered":1,"percent":100},"instantiations":{"count":1,"covered":1,"percent":100},"lines":{"count":4,"covered":4,"percent":100},"regions":{"count":1,"covered":1,"notcovered":0,"percent":100}}}],"functions":[{"branches":[],"count":1,"filenames":["/Users/whitneykenner/msdscript/main.cpp"],"name":"main","regions":[[15,41,19,2,1,0,0,0],[16,1,16,5,0,0,0,2]]},{"branches":[],"count":0,"filenames":["/Users/whitneykenner/msdscript/Expr.cpp"],"name":"_ZN4Expr8toStringEv","regions":[[18,29,22,2,0,0,0,0]]},{"branches":[],"count":0,"filenames":["/Users/whitneykenner/msdscript/Expr.cpp"],"name":"_ZN4Expr11prettyPrintERNSt3__113basic_ostreamIcNS0_11char_traitsIcEEEE","regions":[[27,43,29,2,0,0,0,0]]},{"branches":[],"count":0,"filenames":["/Users/whitneykenner/msdscript/Expr.cpp"],"name":"_ZN4Expr14prettyToStringEv","regions":[[34,35,38,2,0,0,0,0]]},{"branches":[],"count":0,"filenames":["/Users/whitneykenner/msdscript/Expr.cpp"],"name":"_ZN3NumC2Ei","regions":[[43,20,45,2,0,0,0,0]]},{"branches":[[53,9,53,18,0,0,0,0,4]],"count":0,"filenames":["/Users/whitneykenner/msdscript/Expr.cpp"],"name":"_ZN3Num6equalsEP4Expr","regions":[[51,26,58,2,0,0,0,0],[53,9,53,18,0,0,0,0],[53,19,53,20,0,0,0,3],[53,20,55,6,0,0,0,0],[55,10,57,6,0,0,0,0]]},{"branches":[],"count":0,"filenames":["/Users/whitneykenner/msdscript/Expr.cpp"],"name":"_ZN3Num6interpEv","regions":[[63,18,65,2,0,0,0,0]]},{"branches":[],"count":0,"filenames":["/Users/whitneykenner/msdscript/Expr.cpp"],"name":"_ZN3Num11hasVariableEv","regions":[[70,24,72,2,0,0,0,0]]},{"branches":[],"count":0,"filenames":["/Users/whitneykenner/msdscript/Expr.cpp"],"name":"_ZN3Num5substENSt3__112basic_stringIcNS0_11char_traitsIcEENS0_9allocatorIcEEEEP4Expr","regions":[[79,48,81,2,0,0,0,0]]},{"branches":[],"count":0,"filenames":["/Users/whitneykenner/msdscript/Expr.cpp"],"name":"_ZN3Num5printERNSt3__113basic_ostreamIcNS0_11char_traitsIcEEEE","regions":[[86,36,88,2,0,0,0,0]]},{"branches":[],"count":0,"filenames":["/Users/whitneykenner/msdscript/Expr.cpp"],"name":"_ZN3Num13prettyPrintAtERNSt3__113basic_ostreamIcNS0_11char_traitsIcEEEE12precedence_t","regions":[[94,63,96,2,0,0,0,0]]},{"branches":[],"count":0,"filenames":["/Users/whitneykenner/msdscript/Expr.cpp"],"name":"_ZN3AddC2EP4ExprS1_","regions":[[103,42,106,2,0,0,0,0]]},{"branches":[[114,9,114,18,0,0,0,0,4],[117,16,117,41,0,0,0,0,4],[117,45,117,70,0,0,0,0,4]],"count":0,"filenames":["/Users/whitneykenner/msdscript/Expr.cpp"],"name":"_ZN3Add6equalsEP4Expr","regions":[[112,26,119,2,0,0,0,0],[114,9,114,18,0,0,0,0],[114,19,114,20,0,0,0,3],[114,20,116,6,0,0,0,0],[116,10,118,6,0,0,0,0],[117,16,117,41,0,0,0,0],[117,45,117,70,0,0,0,0]]},{"branches":[],"count":0,"filenames":["/Users/whitneykenner/msdscript/Expr.cpp"],"name":"_ZN3Add6interpEv","regions":[[124,18,126,2,0,0,0,0]]},{"branches":[[132,13,132,37,0,0,0,0,4],[132,41,132,65,0,0,0,0,4]],"count":0,"filenames":["/Users/whitneykenner/msdscript/Expr.cpp"],"name":"_ZN3Add11hasVariableEv","regions":[[131,24,133,2,0,0,0,0],[132,13,132,37,0,0,0,0],[132,41,132,65,0,0,0,0]]},{"branches":[],"count":0,"filenames":["/Users/whitneykenner/msdscript/Expr.cpp"],"name":"_ZN3Add5substENSt3__112basic_stringIcNS0_11char_traitsIcEENS0_9allocatorIcEEEEP4Expr","regions":[[140,48,142,2,0,0,0,0]]},{"branches":[],"count":0,"filenames":["/Users/whitneykenner/msdscript/Expr.cpp"],"name":"_ZN3Add5printERNSt3__113basic_ostreamIcNS0_11char_traitsIcEEEE","regions":[[147,36,153,2,0,0,0,0]]},{"branches":[[160,9,160,25,0,0,0,0,4],[166,9,166,25,0,0,0,0,4]],"count":0,"filenames":["/Users/whitneykenner/msdscript/Expr.cpp"],"name":"_ZN3Add13prettyPrintAtERNSt3__113basic_ostreamIcNS0_11char_traitsIcEEEE12precedence_t","regions":[[159,63,169,2,0,0,0,0],[160,9,160,25,0,0,0,0],[160,26,160,27,0,0,0,3],[160,27,162,6,0,0,0,0],[166,9,166,25,0,0,0,0],[166,26,166,27,0,0,0,3],[166,27,168,6,0,0,0,0]]},{"branches":[],"count":0,"filenames":["/Users/whitneykenner/msdscript/Expr.cpp"],"name":"_ZN4MultC2EP4ExprS1_","regions":[[176,44,179,2,0,0,0,0]]},{"branches":[[187,9,187,18,0,0,0,0,4],[190,16,190,42,0,0,0,0,4],[190,46,190,71,0,0,0,0,4]],"count":0,"filenames":["/Users/whitneykenner/msdscript/Expr.cpp"],"name":"_ZN4Mult6equalsEP4Expr","regions":[[185,27,192,2,0,0,0,0],[187,9,187,18,0,0,0,0],[187,19,187,20,0,0,0,3],[187,20,189,6,0,0,0,0],[189,10,191,6,0,0,0,0],[190,16,190,42,0,0,0,0],[190,46,190,71,0,0,0,0]]},{"branches":[],"count":0,"filenames":["/Users/whitneykenner/msdscript/Expr.cpp"],"name":"_ZN4Mult6interpEv","regions":[[197,19,199,2,0,0,0,0]]},{"branches":[[205,13,205,37,0,0,0,0,4],[205,41,205,65,0,0,0,0,4]],"count":0,"filenames":["/Users/whitneykenner/msdscript/Expr.cpp"],"name":"_ZN4Mult11hasVariableEv","regions":[[204,25,206,2,0,0,0,0],[205,13,205,37,0,0,0,0],[205,41,205,65,0,0,0,0]]},{"branches":[],"count":0,"filenames":["/Users/whitneykenner/msdscript/Expr.cpp"],"name":"_ZN4Mult5substENSt3__112basic_stringIcNS0_11char_traitsIcEENS0_9allocatorIcEEEEP4Expr","regions":[[213,49,215,2,0,0,0,0]]},{"branches":[],"count":0,"filenames":["/Users/whitneykenner/msdscript/Expr.cpp"],"name":"_ZN4Mult5printERNSt3__113basic_ostreamIcNS0_11char_traitsIcEEEE","regions":[[220,37,226,2,0,0,0,0]]},{"branches":[[233,9,233,26,0,0,0,0,4],[240,9,240,26,0,0,0,0,4]],"count":0,"filenames":["/Users/whitneykenner/msdscript/Expr.cpp"],"name":"_ZN4Mult13prettyPrintAtERNSt3__113basic_ostreamIcNS0_11char_traitsIcEEEE12precedence_t","regions":[[232,64,243,2,0,0,0,0],[233,9,233,26,0,0,0,0],[233,27,233,28,0,0,0,3],[233,28,236,6,0,0,0,0],[235,1,235,51,0,0,0,2],[240,9,240,26,0,0,0,0],[240,27,240,28,0,0,0,3],[240,28,242,6,0,0,0,0]]},{"branches":[],"count":0,"filenames":["/Users/whitneykenner/msdscript/Expr.cpp"],"name":"_ZN8VariableC2ENSt3__112basic_stringIcNS0_11char_traitsIcEENS0_9allocatorIcEEEE","regions":[[249,38,251,2,0,0,0,0]]},{"branches":[[259,9,259,18,0,0,0,0,4]],"count":0,"filenames":["/Users/whitneykenner/msdscript/Expr.cpp"],"name":"_ZN8Variable6equalsEP4Expr","regions":[[257,31,264,2,0,0,0,0],[259,9,259,18,0,0,0,0],[259,19,259,20,0,0,0,3],[259,20,261,6,0,0,0,0],[261,10,263,6,0,0,0,0]]},{"branches":[],"count":0,"filenames":["/Users/whitneykenner/msdscript/Expr.cpp"],"name":"_ZN8Variable6interpEv","regions":[[269,23,271,2,0,0,0,0]]},{"branches":[],"count":0,"filenames":["/Users/whitneykenner/msdscript/Expr.cpp"],"name":"_ZN8Variable11hasVariableEv","regions":[[276,29,278,2,0,0,0,0]]},{"branches":[[286,9,286,30,0,0,0,0,4]],"count":0,"filenames":["/Users/whitneykenner/msdscript/Expr.cpp"],"name":"_ZN8Variable5substENSt3__112basic_stringIcNS0_11char_traitsIcEENS0_9allocatorIcEEEEP4Expr","regions":[[285,53,291,2,0,0,0,0],[286,9,286,30,0,0,0,0],[286,31,286,32,0,0,0,3],[286,32,288,6,0,0,0,0],[288,10,290,6,0,0,0,0]]},{"branches":[],"count":0,"filenames":["/Users/whitneykenner/msdscript/Expr.cpp"],"name":"_ZN8Variable5printERNSt3__113basic_ostreamIcNS0_11char_traitsIcEEEE","regions":[[296,41,298,2,0,0,0,0]]},{"branches":[],"count":0,"filenames":["/Users/whitneykenner/msdscript/Expr.cpp"],"name":"_ZN8Variable13prettyPrintAtERNSt3__113basic_ostreamIcNS0_11char_traitsIcEEEE12precedence_t","regions":[[304,68,306,2,0,0,0,0]]},{"branches":[[18,28,18,42,0,1,0,0,4],[20,13,20,33,0,0,0,0,4],[26,13,26,33,0,0,0,0,4],[27,17,27,30,0,0,0,0,4],[28,21,28,55,0,0,0,0,4]],"count":1,"filenames":["/Users/whitneykenner/msdscript/cmdline.cpp"],"name":"_Z13use_argumentsiPPKc","regions":[[16,49,42,2,1,0,0,0],[18,28,18,42,1,0,0,0],[18,44,18,54,0,0,0,0],[18,55,18,56,0,0,0,3],[18,56,40,6,0,0,0,0],[20,13,20,33,0,0,0,0],[20,34,20,35,0,0,0,3],[20,35,25,10,0,0,0,0],[25,10,26,9,0,0,0,3],[26,9,40,6,0,0,0,0],[26,13,26,33,0,0,0,0],[26,34,26,35,0,0,0,3],[26,35,36,10,0,0,0,0],[27,17,27,30,0,0,0,0],[27,31,27,32,0,0,0,3],[27,32,32,14,0,0,0,0],[28,21,28,55,0,0,0,0],[28,56,30,18,0,0,0,0],[30,18,31,17,0,0,0,3],[31,17,32,14,0,0,0,0],[32,18,35,14,0,0,0,0],[36,14,39,10,0,0,0,0],[40,6,41,5,1,0,0,3],[41,5,41,11,1,0,0,0]]},{"branches":[],"count":0,"filenames":["/Users/whitneykenner/msdscript/Tests.cpp"],"name":"Tests.cpp:_ZL19C_A_T_C_H_T_E_S_T_0v","regions":[[16,39,23,2,0,0,0,0],[20,1,20,5,0,0,0,2],[22,10,23,2,0,0,0,0]]},{"branches":[],"count":0,"filenames":["/Users/whitneykenner/msdscript/Tests.cpp"],"name":"Tests.cpp:_ZL19C_A_T_C_H_T_E_S_T_2v","regions":[[25,35,35,2,0,0,0,0],[32,1,32,5,0,0,0,2],[34,10,35,2,0,0,0,0]]},{"branches":[],"count":0,"filenames":["/Users/whitneykenner/msdscript/Tests.cpp"],"name":"Tests.cpp:_ZL19C_A_T_C_H_T_E_S_T_4v","regions":[[37,36,48,2,0,0,0,0],[44,1,44,5,0,0,0,2],[46,10,48,2,0,0,0,0],[47,1,47,5,0,0,0,2]]},{"branches":[],"count":0,"filenames":["/Users/whitneykenner/msdscript/Tests.cpp"],"name":"Tests.cpp:_ZL19C_A_T_C_H_T_E_S_T_6v","regions":[[50,40,57,2,0,0,0,0],[54,1,54,5,0,0,0,2],[56,10,57,2,0,0,0,0]]},{"branches":[],"count":0,"filenames":["/Users/whitneykenner/msdscript/Tests.cpp"],"name":"Tests.cpp:_ZL19C_A_T_C_H_T_E_S_T_8v","regions":[[59,33,81,2,0,0,0,0],[64,1,64,5,0,0,0,2],[68,1,68,5,0,0,0,2],[73,1,73,5,0,0,0,2],[77,1,77,5,0,0,0,2],[79,10,81,2,0,0,0,0],[80,1,80,5,0,0,0,2]]},{"branches":[],"count":0,"filenames":["/Users/whitneykenner/msdscript/Tests.cpp"],"name":"Tests.cpp:_ZL20C_A_T_C_H_T_E_S_T_10v","regions":[[82,33,105,2,0,0,0,0],[87,1,87,5,0,0,0,2],[91,1,91,5,0,0,0,2],[96,1,96,5,0,0,0,2],[100,1,100,5,0,0,0,2],[102,10,105,2,0,0,0,0],[103,10,105,2,0,0,0,0],[104,1,104,5,0,0,0,2]]},{"branches":[],"count":0,"filenames":["/Users/whitneykenner/msdscript/Tests.cpp"],"name":"Tests.cpp:_ZL20C_A_T_C_H_T_E_S_T_12v","regions":[[107,37,148,2,0,0,0,0],[112,1,112,5,0,0,0,2],[116,1,116,5,0,0,0,2],[120,1,120,5,0,0,0,2],[125,1,125,5,0,0,0,2],[129,1,130,15,0,0,0,2],[132,10,148,2,0,0,0,0],[133,1,133,14,0,0,0,2],[134,10,148,2,0,0,0,0],[135,10,148,2,0,0,0,0],[136,1,136,15,0,0,0,2],[137,10,148,2,0,0,0,0],[138,10,148,2,0,0,0,0],[139,1,139,30,0,0,0,2],[140,10,148,2,0,0,0,0],[141,10,148,2,0,0,0,0],[142,1,142,20,0,0,0,2],[143,22,148,2,0,0,0,0],[144,22,148,2,0,0,0,0],[145,10,148,2,0,0,0,0],[146,10,148,2,0,0,0,0]]},{"branches":[],"count":0,"filenames":["/Users/whitneykenner/msdscript/Tests.cpp"],"name":"Tests.cpp:_ZL20C_A_T_C_H_T_E_S_T_14v","regions":[[150,40,182,2,0,0,0,0],[153,1,153,5,0,0,0,2],[158,1,158,5,0,0,0,2],[162,1,162,5,0,0,0,2],[167,1,167,5,0,0,0,2],[171,1,172,15,0,0,0,2],[174,1,174,10,0,0,0,2],[175,10,182,2,0,0,0,0],[176,1,176,10,0,0,0,2],[177,10,182,2,0,0,0,0],[178,10,182,2,0,0,0,0],[179,1,179,19,0,0,0,2],[180,10,182,2,0,0,0,0],[181,10,182,2,0,0,0,0]]},{"branches":[],"count":0,"filenames":["/Users/whitneykenner/msdscript/Tests.cpp"],"name":"Tests.cpp:_ZL20C_A_T_C_H_T_E_S_T_16v","regions":[[184,38,221,2,0,0,0,0],[187,1,187,5,0,0,0,2],[192,1,192,5,0,0,0,2],[196,1,196,5,0,0,0,2],[201,1,201,5,0,0,0,2],[205,1,205,10,0,0,0,2],[209,1,209,5,0,0,0,2],[210,10,221,2,0,0,0,0],[213,1,213,21,0,0,0,2],[214,10,221,2,0,0,0,0],[215,1,215,42,0,0,0,2],[216,10,221,2,0,0,0,0],[217,1,217,5,0,0,0,2],[218,10,221,2,0,0,0,0],[219,10,221,2,0,0,0,0],[220,10,221,2,0,0,0,0]]},{"branches":[],"count":0,"filenames":["/Users/whitneykenner/msdscript/Tests.cpp"],"name":"Tests.cpp:_ZL20C_A_T_C_H_T_E_S_T_18v","regions":[[223,31,257,2,0,0,0,0],[226,1,226,5,0,0,0,2],[231,1,231,5,0,0,0,2],[236,1,236,1,0,0,0,2],[241,1,242,19,0,0,0,2],[244,1,244,24,0,0,0,2],[245,10,257,2,0,0,0,0],[246,1,246,31,0,0,0,2],[247,10,257,2,0,0,0,0],[248,10,257,2,0,0,0,0],[249,10,257,2,0,0,0,0],[250,10,257,2,0,0,0,0],[251,1,251,32,0,0,0,2],[252,10,257,2,0,0,0,0],[253,10,257,2,0,0,0,0],[254,10,257,2,0,0,0,0],[255,10,257,2,0,0,0,0],[256,1,256,5,0,0,0,2]]},{"branches":[],"count":0,"filenames":["/Users/whitneykenner/msdscript/Tests.cpp"],"name":"Tests.cpp:_ZL20C_A_T_C_H_T_E_S_T_20v","regions":[[259,34,298,2,0,0,0,0],[262,1,262,5,0,0,0,2],[267,1,267,5,0,0,0,2],[272,1,272,1,0,0,0,2],[279,1,280,63,0,0,0,2],[282,10,298,2,0,0,0,0],[283,1,283,51,0,0,0,2],[284,10,298,2,0,0,0,0],[285,10,298,2,0,0,0,0],[286,10,298,2,0,0,0,0],[287,10,298,2,0,0,0,0],[288,10,298,2,0,0,0,0],[289,1,290,53,0,0,0,2],[291,10,298,2,0,0,0,0],[292,10,298,2,0,0,0,0],[293,10,298,2,0,0,0,0],[294,1,295,5,0,0,0,2],[296,10,298,2,0,0,0,0],[297,10,298,2,0,0,0,0]]},{"branches":[],"count":0,"filenames":["/Users/whitneykenner/msdscript/Tests.cpp"],"name":"Tests.cpp:_ZL20C_A_T_C_H_T_E_S_T_22v","regions":[[299,39,339,2,0,0,0,0],[304,1,304,1,0,0,0,2],[307,1,307,1,0,0,0,2],[313,1,313,1,0,0,0,2],[315,1,315,1,0,0,0,2],[317,1,317,1,0,0,0,2],[319,1,319,1,0,0,0,2],[323,1,323,1,0,0,0,2],[324,5,339,2,0,0,0,0],[327,1,327,1,0,0,0,2],[328,5,339,2,0,0,0,0],[331,1,331,1,0,0,0,2],[332,5,339,2,0,0,0,0],[335,1,335,1,0,0,0,2],[336,5,339,2,0,0,0,0]]},{"branches":[],"count":0,"filenames":["/Users/whitneykenner/msdscript/Tests.cpp"],"name":"Tests.cpp:_ZL20C_A_T_C_H_T_E_S_T_24v","regions":[[341,40,383,2,0,0,0,0],[346,1,346,1,0,0,0,2],[349,1,349,1,0,0,0,2],[355,1,355,1,0,0,0,2],[359,1,359,1,0,0,0,2],[360,5,383,2,0,0,0,0],[363,1,363,1,0,0,0,2],[364,5,383,2,0,0,0,0],[367,1,367,1,0,0,0,2],[368,5,383,2,0,0,0,0],[371,1,371,1,0,0,0,2],[375,1,375,1,0,0,0,2],[376,5,383,2,0,0,0,0],[379,1,379,1,0,0,0,2],[380,5,383,2,0,0,0,0]]},{"branches":[],"count":0,"filenames":["/Users/whitneykenner/msdscript/Tests.cpp"],"name":"Tests.cpp:_ZL20C_A_T_C_H_T_E_S_T_26v","regions":[[385,37,403,2,0,0,0,0],[388,1,388,1,0,0,0,2],[393,1,393,1,0,0,0,2],[394,5,403,2,0,0,0,0],[398,1,398,1,0,0,0,2],[399,5,403,2,0,0,0,0]]},{"branches":[],"count":0,"filenames":["/Users/whitneykenner/msdscript/Tests.cpp"],"name":"Tests.cpp:_ZL20C_A_T_C_H_T_E_S_T_28v","regions":[[405,36,423,2,0,0,0,0],[408,1,408,1,0,0,0,2],[413,1,413,1,0,0,0,2],[414,5,423,2,0,0,0,0],[418,1,418,1,0,0,0,2],[419,5,423,2,0,0,0,0]]},{"branches":[],"count":0,"filenames":["/Users/whitneykenner/msdscript/Tests.cpp"],"name":"Tests.cpp:_ZL20C_A_T_C_H_T_E_S_T_30v","regions":[[425,41,438,2,0,0,0,0],[428,1,428,1,0,0,0,2],[433,1,433,1,0,0,0,2],[434,5,438,2,0,0,0,0]]},{"branches":[],"count":0,"filenames":["/Users/whitneykenner/msdscript/Tests.cpp"],"name":"Tests.cpp:_ZL20C_A_T_C_H_T_E_S_T_32v","regions":[[441,1,444,2,0,0,0,0]]},{"branches":[],"count":0,"filenames":["/Users/whitneykenner/msdscript/Tests.cpp"],"name":"Tests.cpp:_ZL20C_A_T_C_H_T_E_S_T_34v","regions":[[446,1,449,2,0,0,0,0]]}],"totals":{"branches":{"count":44,"covered":1,"notcovered":43,"percent":2.2727272727272729},"functions":{"count":51,"covered":2,"percent":3.9215686274509802},"instantiations":{"count":51,"covered":2,"percent":3.9215686274509802},"lines":{"count":507,"covered":9,"percent":1.7751479289940828},"regions":{"count":161,"covered":4,"notcovered":157,"percent":2.4844720496894408}}}],"type":"llvm.coverage.json.export","version":"2.0.1"}