{"data":[{"files":[{"branches":[[54,9,54,18,0,0,0,0,4],[115,9,115,18,0,0,0,0,4],[118,16,118,41,0,0,0,0,4],[118,45,118,70,0,0,0,0,4],[133,13,133,37,0,0,0,0,4],[133,41,133,65,0,0,0,0,4],[161,9,161,25,0,0,0,0,4],[167,9,167,25,0,0,0,0,4],[188,9,188,18,0,0,0,0,4],[191,16,191,42,0,0,0,0,4],[191,46,191,71,0,0,0,0,4],[206,13,206,37,0,0,0,0,4],[206,41,206,65,0,0,0,0,4],[234,9,234,26,0,0,0,0,4],[241,9,241,26,0,0,0,0,4],[260,9,260,18,0,0,0,0,4],[287,9,287,30,0,0,0,0,4],[322,9,322,18,0,0,0,0,4],[325,16,325,39,0,0,0,0,4],[325,43,325,68,0,0,0,0,4],[325,72,325,99,0,0,0,0,4],[346,13,346,37,0,0,0,0,4],[346,41,346,66,0,0,0,0,4]],"expansions":[],"filename":"/Users/whitneykenner/msdscript/Expr.cpp","segments":[[19,29,0,true,true,false],[23,2,0,false,false,false],[28,43,0,true,true,false],[30,2,0,false,false,false],[35,35,0,true,true,false],[39,2,0,false,false,false],[44,20,0,true,true,false],[46,2,0,false,false,false],[52,26,0,true,true,false],[54,9,0,true,true,false],[54,18,0,true,false,false],[54,20,0,true,true,false],[56,6,0,true,false,false],[56,10,0,true,true,false],[58,6,0,true,false,false],[59,2,0,false,false,false],[64,18,0,true,true,false],[66,2,0,false,false,false],[71,24,0,true,true,false],[73,2,0,false,false,false],[80,48,0,true,true,false],[82,2,0,false,false,false],[87,36,0,true,true,false],[89,2,0,false,false,false],[95,63,0,true,true,false],[97,2,0,false,false,false],[104,42,0,true,true,false],[107,2,0,false,false,false],[113,26,0,true,true,false],[115,9,0,true,true,false],[115,18,0,true,false,false],[115,20,0,true,true,false],[117,6,0,true,false,false],[117,10,0,true,true,false],[118,16,0,true,true,false],[118,41,0,true,false,false],[118,45,0,true,true,false],[118,70,0,true,false,false],[120,2,0,false,false,false],[125,18,0,true,true,false],[127,2,0,false,false,false],[132,24,0,true,true,false],[133,13,0,true,true,false],[133,37,0,true,false,false],[133,41,0,true,true,false],[133,65,0,true,false,false],[134,2,0,false,false,false],[141,48,0,true,true,false],[143,2,0,false,false,false],[148,36,0,true,true,false],[154,2,0,false,false,false],[160,63,0,true,true,false],[161,9,0,true,true,false],[161,25,0,true,false,false],[161,27,0,true,true,false],[163,6,0,true,false,false],[167,9,0,true,true,false],[167,25,0,true,false,false],[167,27,0,true,true,false],[169,6,0,true,false,false],[170,2,0,false,false,false],[177,44,0,true,true,false],[180,2,0,false,false,false],[186,27,0,true,true,false],[188,9,0,true,true,false],[188,18,0,true,false,false],[188,20,0,true,true,false],[190,6,0,true,false,false],[190,10,0,true,true,false],[191,16,0,true,true,false],[191,42,0,true,false,false],[191,46,0,true,true,false],[191,71,0,true,false,false],[193,2,0,false,false,false],[198,19,0,true,true,false],[200,2,0,false,false,false],[205,25,0,true,true,false],[206,13,0,true,true,false],[206,37,0,true,false,false],[206,41,0,true,true,false],[206,65,0,true,false,false],[207,2,0,false,false,false],[214,49,0,true,true,false],[216,2,0,false,false,false],[221,37,0,true,true,false],[227,2,0,false,false,false],[233,64,0,true,true,false],[234,9,0,true,true,false],[234,26,0,true,false,false],[234,28,0,true,true,false],[236,1,0,false,true,false],[236,51,0,true,false,false],[241,9,0,true,true,false],[241,26,0,true,false,false],[241,28,0,true,true,false],[243,6,0,true,false,false],[244,2,0,false,false,false],[250,38,0,true,true,false],[252,2,0,false,false,false],[258,31,0,true,true,false],[260,9,0,true,true,false],[260,18,0,true,false,false],[260,20,0,true,true,false],[262,6,0,true,false,false],[262,10,0,true,true,false],[264,6,0,true,false,false],[265,2,0,false,false,false],[270,23,0,true,true,false],[272,2,0,false,false,false],[277,29,0,true,true,false],[279,2,0,false,false,false],[286,53,0,true,true,false],[287,9,0,true,true,false],[287,30,0,true,false,false],[287,32,0,true,true,false],[289,6,0,true,false,false],[289,10,0,true,true,false],[291,6,0,true,false,false],[292,2,0,false,false,false],[297,41,0,true,true,false],[299,2,0,false,false,false],[305,68,0,true,true,false],[307,2,0,false,false,false],[310,63,0,true,true,false],[314,2,0,false,false,false],[320,27,0,true,true,false],[322,9,0,true,true,false],[322,18,0,true,false,false],[322,20,0,true,true,false],[324,6,0,true,false,false],[324,10,0,true,true,false],[325,16,0,true,true,false],[325,39,0,true,false,false],[325,43,0,true,true,false],[325,68,0,true,false,false],[325,72,0,true,true,false],[325,99,0,true,false,false],[327,2,0,false,false,false],[333,20,0,true,true,false],[336,1,0,false,true,false],[338,41,0,true,false,false],[339,2,0,false,false,false],[345,25,0,true,true,false],[346,13,0,true,true,false],[346,37,0,true,false,false],[346,41,0,true,true,false],[346,66,0,true,false,false],[347,2,0,false,false,false],[348,50,0,true,true,false],[350,2,0,false,false,false],[351,38,0,true,true,false],[352,1,0,false,true,false],[352,14,0,true,false,false],[353,2,0,false,false,false],[354,59,0,true,true,false],[355,1,0,false,true,false],[355,14,0,true,false,false],[356,2,0,false,false,false]],"summary":{"branches":{"count":46,"covered":0,"notcovered":46,"percent":0},"functions":{"count":38,"covered":0,"percent":0},"instantiations":{"count":38,"covered":0,"percent":0},"lines":{"count":174,"covered":0,"percent":0},"regions":{"count":78,"covered":0,"notcovered":78,"percent":0}}},{"branches":[],"expansions":[],"filename":"/Users/whitneykenner/msdscript/Tests.cpp","segments":[[16,40,0,true,true,false],[20,1,0,false,true,false],[20,1,0,true,false,false],[22,10,0,true,true,false],[23,2,0,false,false,false],[25,36,0,true,true,false],[32,1,0,false,true,false],[32,1,0,true,false,false],[34,10,0,true,true,false],[35,2,0,false,false,false],[37,37,0,true,true,false],[44,1,0,false,true,false],[44,1,0,true,false,false],[46,10,0,true,true,false],[47,1,0,false,true,false],[47,1,0,true,false,false],[48,2,0,false,false,false],[50,41,0,true,true,false],[55,1,0,false,true,false],[55,1,0,true,false,false],[57,10,0,true,true,false],[58,10,0,true,true,false],[59,10,0,true,true,false],[60,2,0,false,false,false],[62,34,0,true,true,false],[67,1,0,false,true,false],[67,1,0,true,false,false],[71,1,0,false,true,false],[71,1,0,true,false,false],[76,1,0,false,true,false],[76,1,0,true,false,false],[80,1,0,false,true,false],[80,1,0,true,false,false],[82,10,0,true,true,false],[83,1,0,false,true,false],[83,1,0,true,false,false],[84,2,0,false,false,false],[86,34,0,true,true,false],[91,1,0,false,true,false],[91,1,0,true,false,false],[95,1,0,false,true,false],[95,1,0,true,false,false],[100,1,0,false,true,false],[100,1,0,true,false,false],[104,1,0,false,true,false],[104,1,0,true,false,false],[106,10,0,true,true,false],[107,10,0,true,true,false],[108,1,0,false,true,false],[108,1,0,true,false,false],[109,2,0,false,false,false],[111,38,0,true,true,false],[116,1,0,false,true,false],[116,1,0,true,false,false],[120,1,0,false,true,false],[120,1,0,true,false,false],[124,1,0,false,true,false],[124,1,0,true,false,false],[129,1,0,false,true,false],[129,1,0,true,false,false],[133,1,0,false,true,false],[134,15,0,true,false,false],[136,10,0,true,true,false],[137,1,0,false,true,false],[137,14,0,true,false,false],[138,10,0,true,true,false],[139,10,0,true,true,false],[140,1,0,false,true,false],[140,15,0,true,false,false],[141,10,0,true,true,false],[142,10,0,true,true,false],[143,1,0,false,true,false],[143,30,0,true,false,false],[144,10,0,true,true,false],[145,10,0,true,true,false],[146,1,0,false,true,false],[146,20,0,true,false,false],[147,22,0,true,true,false],[148,22,0,true,true,false],[149,10,0,true,true,false],[150,10,0,true,true,false],[152,2,0,false,false,false],[154,41,0,true,true,false],[157,1,0,false,true,false],[157,1,0,true,false,false],[162,1,0,false,true,false],[162,1,0,true,false,false],[166,1,0,false,true,false],[166,1,0,true,false,false],[171,1,0,false,true,false],[171,1,0,true,false,false],[175,1,0,false,true,false],[176,15,0,true,false,false],[178,1,0,false,true,false],[178,10,0,true,false,false],[179,10,0,true,true,false],[180,1,0,false,true,false],[180,10,0,true,false,false],[181,10,0,true,true,false],[182,10,0,true,true,false],[183,1,0,false,true,false],[183,19,0,true,false,false],[184,10,0,true,true,false],[185,10,0,true,true,false],[186,2,0,false,false,false],[188,39,0,true,true,false],[191,1,0,false,true,false],[191,1,0,true,false,false],[196,1,0,false,true,false],[196,1,0,true,false,false],[200,1,0,false,true,false],[200,1,0,true,false,false],[205,1,0,false,true,false],[205,1,0,true,false,false],[209,1,0,false,true,false],[209,10,0,true,false,false],[213,1,0,false,true,false],[213,1,0,true,false,false],[214,10,0,true,true,false],[217,1,0,false,true,false],[217,21,0,true,false,false],[218,10,0,true,true,false],[219,1,0,false,true,false],[219,42,0,true,false,false],[220,10,0,true,true,false],[221,1,0,false,true,false],[221,1,0,true,false,false],[222,10,0,true,true,false],[223,10,0,true,true,false],[224,10,0,true,true,false],[225,2,0,false,false,false],[227,32,0,true,true,false],[230,1,0,false,true,false],[230,1,0,true,false,false],[235,1,0,false,true,false],[235,1,0,true,false,false],[240,1,0,false,true,false],[240,1,0,true,false,false],[245,1,0,false,true,false],[246,19,0,true,false,false],[248,1,0,false,true,false],[248,24,0,true,false,false],[249,10,0,true,true,false],[250,1,0,false,true,false],[250,31,0,true,false,false],[251,10,0,true,true,false],[252,10,0,true,true,false],[253,10,0,true,true,false],[254,10,0,true,true,false],[255,1,0,false,true,false],[255,32,0,true,false,false],[256,10,0,true,true,false],[257,10,0,true,true,false],[258,10,0,true,true,false],[259,10,0,true,true,false],[260,1,0,false,true,false],[260,1,0,true,false,false],[261,2,0,false,false,false],[263,35,0,true,true,false],[266,1,0,false,true,false],[266,1,0,true,false,false],[271,1,0,false,true,false],[271,1,0,true,false,false],[276,1,0,false,true,false],[276,1,0,true,false,false],[283,1,0,false,true,false],[284,63,0,true,false,false],[286,10,0,true,true,false],[287,1,0,false,true,false],[287,51,0,true,false,false],[288,10,0,true,true,false],[289,10,0,true,true,false],[290,10,0,true,true,false],[292,10,0,true,true,false],[294,10,0,true,true,false],[296,1,0,false,true,false],[297,53,0,true,false,false],[298,10,0,true,true,false],[299,10,0,true,true,false],[300,10,0,true,true,false],[301,1,0,false,true,false],[302,1,0,true,false,false],[303,10,0,true,true,false],[304,10,0,true,true,false],[305,2,0,false,false,false],[307,40,0,true,true,false],[312,1,0,false,true,false],[312,1,0,true,false,false],[315,1,0,false,true,false],[315,1,0,true,false,false],[321,1,0,false,true,false],[321,1,0,true,false,false],[323,1,0,false,true,false],[323,1,0,true,false,false],[325,1,0,false,true,false],[325,1,0,true,false,false],[327,1,0,false,true,false],[327,1,0,true,false,false],[331,1,0,false,true,false],[331,1,0,true,false,false],[332,5,0,true,true,false],[335,1,0,false,true,false],[335,1,0,true,false,false],[336,5,0,true,true,false],[339,1,0,false,true,false],[339,1,0,true,false,false],[340,5,0,true,true,false],[343,1,0,false,true,false],[343,1,0,true,false,false],[344,5,0,true,true,false],[347,2,0,false,false,false],[349,41,0,true,true,false],[354,1,0,false,true,false],[354,1,0,true,false,false],[357,1,0,false,true,false],[357,1,0,true,false,false],[363,1,0,false,true,false],[363,1,0,true,false,false],[367,1,0,false,true,false],[367,1,0,true,false,false],[368,5,0,true,true,false],[371,1,0,false,true,false],[371,1,0,true,false,false],[372,5,0,true,true,false],[375,1,0,false,true,false],[375,1,0,true,false,false],[376,5,0,true,true,false],[379,1,0,false,true,false],[379,1,0,true,false,false],[383,1,0,false,true,false],[383,1,0,true,false,false],[384,5,0,true,true,false],[387,1,0,false,true,false],[387,1,0,true,false,false],[388,5,0,true,true,false],[391,2,0,false,false,false],[393,38,0,true,true,false],[396,1,0,false,true,false],[396,1,0,true,false,false],[401,1,0,false,true,false],[401,1,0,true,false,false],[402,5,0,true,true,false],[406,1,0,false,true,false],[406,1,0,true,false,false],[407,5,0,true,true,false],[411,2,0,false,false,false],[413,37,0,true,true,false],[416,1,0,false,true,false],[416,1,0,true,false,false],[421,1,0,false,true,false],[421,1,0,true,false,false],[422,5,0,true,true,false],[426,1,0,false,true,false],[426,1,0,true,false,false],[427,5,0,true,true,false],[431,2,0,false,false,false],[433,42,0,true,true,false],[436,1,0,false,true,false],[436,1,0,true,false,false],[441,1,0,false,true,false],[441,1,0,true,false,false],[442,5,0,true,true,false],[446,2,0,false,false,false],[449,1,0,true,true,false],[453,2,0,false,false,false],[456,1,0,true,true,false],[460,2,0,false,false,false],[462,26,0,true,true,false],[467,1,0,false,true,false],[467,1,0,true,false,false],[475,1,0,false,true,false],[475,1,0,true,false,false],[479,1,0,false,true,false],[479,1,0,true,false,false],[482,1,0,false,true,false],[483,31,0,true,false,false],[485,10,0,true,true,false],[486,1,0,false,true,false],[486,24,0,true,false,false],[487,10,0,true,true,false],[488,1,0,false,true,false],[488,58,0,true,false,false],[489,10,0,true,true,false],[490,10,0,true,true,false],[491,10,0,true,true,false],[492,10,0,true,true,false],[493,10,0,true,true,false],[494,10,0,true,true,false],[495,2,0,false,false,false],[497,31,0,true,true,false],[501,1,0,false,true,false],[501,1,0,true,false,false],[503,10,0,true,true,false],[504,10,0,true,true,false],[505,2,0,false,false,false],[507,36,0,true,true,false],[512,1,0,false,true,false],[512,1,0,true,false,false],[515,1,0,false,true,false],[515,1,0,true,false,false],[517,22,0,true,true,false],[518,2,0,false,false,false]],"summary":{"branches":{"count":0,"covered":0,"notcovered":0,"percent":0},"functions":{"count":21,"covered":0,"percent":0},"instantiations":{"count":21,"covered":0,"percent":0},"lines":{"count":382,"covered":0,"percent":0},"regions":{"count":97,"covered":0,"notcovered":97,"percent":0}}},{"branches":[[18,28,18,42,1,0,0,0,4],[20,13,20,33,0,1,0,0,4],[26,13,26,33,0,1,0,0,4],[27,17,27,30,0,0,0,0,4],[28,21,28,55,0,0,0,0,4]],"expansions":[],"filename":"/Users/whitneykenner/msdscript/cmdline.cpp","segments":[[16,49,1,true,true,false],[18,28,1,true,true,false],[18,42,1,true,false,false],[18,44,0,true,true,false],[18,54,1,true,false,false],[18,56,1,true,true,false],[20,13,1,true,true,false],[20,33,1,true,false,false],[20,34,0,true,false,true],[20,35,0,true,true,false],[25,10,1,true,false,true],[26,9,1,true,true,false],[26,13,1,true,true,false],[26,33,1,true,false,false],[26,34,0,true,false,true],[26,35,0,true,true,false],[27,17,0,true,true,false],[27,30,0,true,false,false],[27,32,0,true,true,false],[28,21,0,true,true,false],[28,55,0,true,false,false],[28,56,0,true,true,false],[30,18,0,true,false,true],[31,17,0,true,true,false],[32,14,0,true,false,false],[32,18,0,true,true,false],[35,14,0,true,false,false],[36,10,1,true,false,false],[36,14,1,true,true,false],[39,10,1,true,false,false],[40,6,0,true,false,true],[41,5,0,true,true,false],[41,11,1,true,false,false],[42,2,0,false,false,false]],"summary":{"branches":{"count":10,"covered":3,"notcovered":7,"percent":30},"functions":{"count":1,"covered":1,"percent":100},"instantiations":{"count":1,"covered":1,"percent":100},"lines":{"count":27,"covered":12,"percent":44.444444444444443},"regions":{"count":17,"covered":7,"notcovered":10,"percent":41.17647058823529}}},{"branches":[],"expansions":[],"filename":"/Users/whitneykenner/msdscript/main.cpp","segments":[[15,41,1,true,true,false],[16,1,0,false,true,false],[16,5,1,true,false,false],[19,2,0,false,false,false]],"summary":{"branches":{"count":0,"covered":0,"notcovered":0,"percent":0},"functions":{"count":1,"covered":1,"percent":100},"instantiations":{"count":1,"covered":1,"percent":100},"lines":{"count":4,"covered":4,"percent":100},"regions":{"count":1,"covered":1,"notcovered":0,"percent":100}}}],"functions":[{"branches":[],"count":1,"filenames":["/Users/whitneykenner/msdscript/main.cpp"],"name":"main","regions":[[15,41,19,2,1,0,0,0],[16,1,16,5,0,0,0,2]]},{"branches":[],"count":0,"filenames":["/Users/whitneykenner/msdscript/Expr.cpp"],"name":"_ZN4Expr8toStringEv","regions":[[19,29,23,2,0,0,0,0]]},{"branches":[],"count":0,"filenames":["/Users/whitneykenner/msdscript/Expr.cpp"],"name":"_ZN4Expr11prettyPrintERNSt3__113basic_ostreamIcNS0_11char_traitsIcEEEE","regions":[[28,43,30,2,0,0,0,0]]},{"branches":[],"count":0,"filenames":["/Users/whitneykenner/msdscript/Expr.cpp"],"name":"_ZN4Expr14prettyToStringEv","regions":[[35,35,39,2,0,0,0,0]]},{"branches":[],"count":0,"filenames":["/Users/whitneykenner/msdscript/Expr.cpp"],"name":"_ZN3NumC2Ei","regions":[[44,20,46,2,0,0,0,0]]},{"branches":[[54,9,54,18,0,0,0,0,4]],"count":0,"filenames":["/Users/whitneykenner/msdscript/Expr.cpp"],"name":"_ZN3Num6equalsEP4Expr","regions":[[52,26,59,2,0,0,0,0],[54,9,54,18,0,0,0,0],[54,19,54,20,0,0,0,3],[54,20,56,6,0,0,0,0],[56,10,58,6,0,0,0,0]]},{"branches":[],"count":0,"filenames":["/Users/whitneykenner/msdscript/Expr.cpp"],"name":"_ZN3Num6interpEv","regions":[[64,18,66,2,0,0,0,0]]},{"branches":[],"count":0,"filenames":["/Users/whitneykenner/msdscript/Expr.cpp"],"name":"_ZN3Num11hasVariableEv","regions":[[71,24,73,2,0,0,0,0]]},{"branches":[],"count":0,"filenames":["/Users/whitneykenner/msdscript/Expr.cpp"],"name":"_ZN3Num5substENSt3__112basic_stringIcNS0_11char_traitsIcEENS0_9allocatorIcEEEEP4Expr","regions":[[80,48,82,2,0,0,0,0]]},{"branches":[],"count":0,"filenames":["/Users/whitneykenner/msdscript/Expr.cpp"],"name":"_ZN3Num5printERNSt3__113basic_ostreamIcNS0_11char_traitsIcEEEE","regions":[[87,36,89,2,0,0,0,0]]},{"branches":[],"count":0,"filenames":["/Users/whitneykenner/msdscript/Expr.cpp"],"name":"_ZN3Num13prettyPrintAtERNSt3__113basic_ostreamIcNS0_11char_traitsIcEEEE12precedence_t","regions":[[95,63,97,2,0,0,0,0]]},{"branches":[],"count":0,"filenames":["/Users/whitneykenner/msdscript/Expr.cpp"],"name":"_ZN3AddC2EP4ExprS1_","regions":[[104,42,107,2,0,0,0,0]]},{"branches":[[115,9,115,18,0,0,0,0,4],[118,16,118,41,0,0,0,0,4],[118,45,118,70,0,0,0,0,4]],"count":0,"filenames":["/Users/whitneykenner/msdscript/Expr.cpp"],"name":"_ZN3Add6equalsEP4Expr","regions":[[113,26,120,2,0,0,0,0],[115,9,115,18,0,0,0,0],[115,19,115,20,0,0,0,3],[115,20,117,6,0,0,0,0],[117,10,119,6,0,0,0,0],[118,16,118,41,0,0,0,0],[118,45,118,70,0,0,0,0]]},{"branches":[],"count":0,"filenames":["/Users/whitneykenner/msdscript/Expr.cpp"],"name":"_ZN3Add6interpEv","regions":[[125,18,127,2,0,0,0,0]]},{"branches":[[133,13,133,37,0,0,0,0,4],[133,41,133,65,0,0,0,0,4]],"count":0,"filenames":["/Users/whitneykenner/msdscript/Expr.cpp"],"name":"_ZN3Add11hasVariableEv","regions":[[132,24,134,2,0,0,0,0],[133,13,133,37,0,0,0,0],[133,41,133,65,0,0,0,0]]},{"branches":[],"count":0,"filenames":["/Users/whitneykenner/msdscript/Expr.cpp"],"name":"_ZN3Add5substENSt3__112basic_stringIcNS0_11char_traitsIcEENS0_9allocatorIcEEEEP4Expr","regions":[[141,48,143,2,0,0,0,0]]},{"branches":[],"count":0,"filenames":["/Users/whitneykenner/msdscript/Expr.cpp"],"name":"_ZN3Add5printERNSt3__113basic_ostreamIcNS0_11char_traitsIcEEEE","regions":[[148,36,154,2,0,0,0,0]]},{"branches":[[161,9,161,25,0,0,0,0,4],[167,9,167,25,0,0,0,0,4]],"count":0,"filenames":["/Users/whitneykenner/msdscript/Expr.cpp"],"name":"_ZN3Add13prettyPrintAtERNSt3__113basic_ostreamIcNS0_11char_traitsIcEEEE12precedence_t","regions":[[160,63,170,2,0,0,0,0],[161,9,161,25,0,0,0,0],[161,26,161,27,0,0,0,3],[161,27,163,6,0,0,0,0],[167,9,167,25,0,0,0,0],[167,26,167,27,0,0,0,3],[167,27,169,6,0,0,0,0]]},{"branches":[],"count":0,"filenames":["/Users/whitneykenner/msdscript/Expr.cpp"],"name":"_ZN4MultC2EP4ExprS1_","regions":[[177,44,180,2,0,0,0,0]]},{"branches":[[188,9,188,18,0,0,0,0,4],[191,16,191,42,0,0,0,0,4],[191,46,191,71,0,0,0,0,4]],"count":0,"filenames":["/Users/whitneykenner/msdscript/Expr.cpp"],"name":"_ZN4Mult6equalsEP4Expr","regions":[[186,27,193,2,0,0,0,0],[188,9,188,18,0,0,0,0],[188,19,188,20,0,0,0,3],[188,20,190,6,0,0,0,0],[190,10,192,6,0,0,0,0],[191,16,191,42,0,0,0,0],[191,46,191,71,0,0,0,0]]},{"branches":[],"count":0,"filenames":["/Users/whitneykenner/msdscript/Expr.cpp"],"name":"_ZN4Mult6interpEv","regions":[[198,19,200,2,0,0,0,0]]},{"branches":[[206,13,206,37,0,0,0,0,4],[206,41,206,65,0,0,0,0,4]],"count":0,"filenames":["/Users/whitneykenner/msdscript/Expr.cpp"],"name":"_ZN4Mult11hasVariableEv","regions":[[205,25,207,2,0,0,0,0],[206,13,206,37,0,0,0,0],[206,41,206,65,0,0,0,0]]},{"branches":[],"count":0,"filenames":["/Users/whitneykenner/msdscript/Expr.cpp"],"name":"_ZN4Mult5substENSt3__112basic_stringIcNS0_11char_traitsIcEENS0_9allocatorIcEEEEP4Expr","regions":[[214,49,216,2,0,0,0,0]]},{"branches":[],"count":0,"filenames":["/Users/whitneykenner/msdscript/Expr.cpp"],"name":"_ZN4Mult5printERNSt3__113basic_ostreamIcNS0_11char_traitsIcEEEE","regions":[[221,37,227,2,0,0,0,0]]},{"branches":[[234,9,234,26,0,0,0,0,4],[241,9,241,26,0,0,0,0,4]],"count":0,"filenames":["/Users/whitneykenner/msdscript/Expr.cpp"],"name":"_ZN4Mult13prettyPrintAtERNSt3__113basic_ostreamIcNS0_11char_traitsIcEEEE12precedence_t","regions":[[233,64,244,2,0,0,0,0],[234,9,234,26,0,0,0,0],[234,27,234,28,0,0,0,3],[234,28,237,6,0,0,0,0],[236,1,236,51,0,0,0,2],[241,9,241,26,0,0,0,0],[241,27,241,28,0,0,0,3],[241,28,243,6,0,0,0,0]]},{"branches":[],"count":0,"filenames":["/Users/whitneykenner/msdscript/Expr.cpp"],"name":"_ZN8VariableC2ENSt3__112basic_stringIcNS0_11char_traitsIcEENS0_9allocatorIcEEEE","regions":[[250,38,252,2,0,0,0,0]]},{"branches":[[260,9,260,18,0,0,0,0,4]],"count":0,"filenames":["/Users/whitneykenner/msdscript/Expr.cpp"],"name":"_ZN8Variable6equalsEP4Expr","regions":[[258,31,265,2,0,0,0,0],[260,9,260,18,0,0,0,0],[260,19,260,20,0,0,0,3],[260,20,262,6,0,0,0,0],[262,10,264,6,0,0,0,0]]},{"branches":[],"count":0,"filenames":["/Users/whitneykenner/msdscript/Expr.cpp"],"name":"_ZN8Variable6interpEv","regions":[[270,23,272,2,0,0,0,0]]},{"branches":[],"count":0,"filenames":["/Users/whitneykenner/msdscript/Expr.cpp"],"name":"_ZN8Variable11hasVariableEv","regions":[[277,29,279,2,0,0,0,0]]},{"branches":[[287,9,287,30,0,0,0,0,4]],"count":0,"filenames":["/Users/whitneykenner/msdscript/Expr.cpp"],"name":"_ZN8Variable5substENSt3__112basic_stringIcNS0_11char_traitsIcEENS0_9allocatorIcEEEEP4Expr","regions":[[286,53,292,2,0,0,0,0],[287,9,287,30,0,0,0,0],[287,31,287,32,0,0,0,3],[287,32,289,6,0,0,0,0],[289,10,291,6,0,0,0,0]]},{"branches":[],"count":0,"filenames":["/Users/whitneykenner/msdscript/Expr.cpp"],"name":"_ZN8Variable5printERNSt3__113basic_ostreamIcNS0_11char_traitsIcEEEE","regions":[[297,41,299,2,0,0,0,0]]},{"branches":[],"count":0,"filenames":["/Users/whitneykenner/msdscript/Expr.cpp"],"name":"_ZN8Variable13prettyPrintAtERNSt3__113basic_ostreamIcNS0_11char_traitsIcEEEE12precedence_t","regions":[[305,68,307,2,0,0,0,0]]},{"branches":[],"count":0,"filenames":["/Users/whitneykenner/msdscript/Expr.cpp"],"name":"_ZN4_letC2ENSt3__112basic_stringIcNS0_11char_traitsIcEENS0_9allocatorIcEEEEP4ExprS8_","regions":[[310,63,314,2,0,0,0,0]]},{"branches":[[322,9,322,18,0,0,0,0,4],[325,16,325,39,0,0,0,0,4],[325,43,325,68,0,0,0,0,4],[325,72,325,99,0,0,0,0,4]],"count":0,"filenames":["/Users/whitneykenner/msdscript/Expr.cpp"],"name":"_ZN4_let6equalsEP4Expr","regions":[[320,27,327,2,0,0,0,0],[322,9,322,18,0,0,0,0],[322,19,322,20,0,0,0,3],[322,20,324,6,0,0,0,0],[324,10,326,6,0,0,0,0],[325,16,325,39,0,0,0,0],[325,16,325,68,0,0,0,0],[325,43,325,68,0,0,0,0],[325,72,325,99,0,0,0,0]]},{"branches":[],"count":0,"filenames":["/Users/whitneykenner/msdscript/Expr.cpp"],"name":"_ZN4_let6interpEv","regions":[[333,20,339,2,0,0,0,0],[336,1,338,41,0,0,0,2]]},{"branches":[[346,13,346,37,0,0,0,0,4],[346,41,346,66,0,0,0,0,4]],"count":0,"filenames":["/Users/whitneykenner/msdscript/Expr.cpp"],"name":"_ZN4_let11hasVariableEv","regions":[[345,25,347,2,0,0,0,0],[346,13,346,37,0,0,0,0],[346,41,346,66,0,0,0,0]]},{"branches":[],"count":0,"filenames":["/Users/whitneykenner/msdscript/Expr.cpp"],"name":"_ZN4_let5substENSt3__112basic_stringIcNS0_11char_traitsIcEENS0_9allocatorIcEEEEP4Expr","regions":[[348,50,350,2,0,0,0,0]]},{"branches":[],"count":0,"filenames":["/Users/whitneykenner/msdscript/Expr.cpp"],"name":"_ZN4_let5printERNSt3__113basic_ostreamIcNS0_11char_traitsIcEEEE","regions":[[351,38,353,2,0,0,0,0],[352,1,352,14,0,0,0,2]]},{"branches":[],"count":0,"filenames":["/Users/whitneykenner/msdscript/Expr.cpp"],"name":"_ZN4_let13prettyPrintAtERNSt3__113basic_ostreamIcNS0_11char_traitsIcEEEE12precedence_t","regions":[[354,59,356,2,0,0,0,0],[355,1,355,14,0,0,0,2]]},{"branches":[[18,28,18,42,1,0,0,0,4],[20,13,20,33,0,1,0,0,4],[26,13,26,33,0,1,0,0,4],[27,17,27,30,0,0,0,0,4],[28,21,28,55,0,0,0,0,4]],"count":1,"filenames":["/Users/whitneykenner/msdscript/cmdline.cpp"],"name":"_Z13use_argumentsiPPKc","regions":[[16,49,42,2,1,0,0,0],[18,28,18,42,1,0,0,0],[18,44,18,54,0,0,0,0],[18,55,18,56,1,0,0,3],[18,56,40,6,1,0,0,0],[20,13,20,33,1,0,0,0],[20,34,20,35,0,0,0,3],[20,35,25,10,0,0,0,0],[25,10,26,9,1,0,0,3],[26,9,40,6,1,0,0,0],[26,13,26,33,1,0,0,0],[26,34,26,35,0,0,0,3],[26,35,36,10,0,0,0,0],[27,17,27,30,0,0,0,0],[27,31,27,32,0,0,0,3],[27,32,32,14,0,0,0,0],[28,21,28,55,0,0,0,0],[28,56,30,18,0,0,0,0],[30,18,31,17,0,0,0,3],[31,17,32,14,0,0,0,0],[32,18,35,14,0,0,0,0],[36,14,39,10,1,0,0,0],[40,6,41,5,0,0,0,3],[41,5,41,11,0,0,0,0]]},{"branches":[],"count":0,"filenames":["/Users/whitneykenner/msdscript/Tests.cpp"],"name":"Tests.cpp:_ZL19C_A_T_C_H_T_E_S_T_0v","regions":[[16,40,23,2,0,0,0,0],[20,1,20,1,0,0,0,2],[22,10,23,2,0,0,0,0]]},{"branches":[],"count":0,"filenames":["/Users/whitneykenner/msdscript/Tests.cpp"],"name":"Tests.cpp:_ZL19C_A_T_C_H_T_E_S_T_2v","regions":[[25,36,35,2,0,0,0,0],[32,1,32,1,0,0,0,2],[34,10,35,2,0,0,0,0]]},{"branches":[],"count":0,"filenames":["/Users/whitneykenner/msdscript/Tests.cpp"],"name":"Tests.cpp:_ZL19C_A_T_C_H_T_E_S_T_4v","regions":[[37,37,48,2,0,0,0,0],[44,1,44,1,0,0,0,2],[46,10,48,2,0,0,0,0],[47,1,47,1,0,0,0,2]]},{"branches":[],"count":0,"filenames":["/Users/whitneykenner/msdscript/Tests.cpp"],"name":"Tests.cpp:_ZL19C_A_T_C_H_T_E_S_T_6v","regions":[[50,41,60,2,0,0,0,0],[55,1,55,1,0,0,0,2],[57,10,60,2,0,0,0,0],[58,10,60,2,0,0,0,0],[59,10,60,2,0,0,0,0]]},{"branches":[],"count":0,"filenames":["/Users/whitneykenner/msdscript/Tests.cpp"],"name":"Tests.cpp:_ZL19C_A_T_C_H_T_E_S_T_8v","regions":[[62,34,84,2,0,0,0,0],[67,1,67,1,0,0,0,2],[71,1,71,1,0,0,0,2],[76,1,76,1,0,0,0,2],[80,1,80,1,0,0,0,2],[82,10,84,2,0,0,0,0],[83,1,83,1,0,0,0,2]]},{"branches":[],"count":0,"filenames":["/Users/whitneykenner/msdscript/Tests.cpp"],"name":"Tests.cpp:_ZL20C_A_T_C_H_T_E_S_T_10v","regions":[[86,34,109,2,0,0,0,0],[91,1,91,1,0,0,0,2],[95,1,95,1,0,0,0,2],[100,1,100,1,0,0,0,2],[104,1,104,1,0,0,0,2],[106,10,109,2,0,0,0,0],[107,10,109,2,0,0,0,0],[108,1,108,1,0,0,0,2]]},{"branches":[],"count":0,"filenames":["/Users/whitneykenner/msdscript/Tests.cpp"],"name":"Tests.cpp:_ZL20C_A_T_C_H_T_E_S_T_12v","regions":[[111,38,152,2,0,0,0,0],[116,1,116,1,0,0,0,2],[120,1,120,1,0,0,0,2],[124,1,124,1,0,0,0,2],[129,1,129,1,0,0,0,2],[133,1,134,15,0,0,0,2],[136,10,152,2,0,0,0,0],[137,1,137,14,0,0,0,2],[138,10,152,2,0,0,0,0],[139,10,152,2,0,0,0,0],[140,1,140,15,0,0,0,2],[141,10,152,2,0,0,0,0],[142,10,152,2,0,0,0,0],[143,1,143,30,0,0,0,2],[144,10,152,2,0,0,0,0],[145,10,152,2,0,0,0,0],[146,1,146,20,0,0,0,2],[147,22,152,2,0,0,0,0],[148,22,152,2,0,0,0,0],[149,10,152,2,0,0,0,0],[150,10,152,2,0,0,0,0]]},{"branches":[],"count":0,"filenames":["/Users/whitneykenner/msdscript/Tests.cpp"],"name":"Tests.cpp:_ZL20C_A_T_C_H_T_E_S_T_14v","regions":[[154,41,186,2,0,0,0,0],[157,1,157,1,0,0,0,2],[162,1,162,1,0,0,0,2],[166,1,166,1,0,0,0,2],[171,1,171,1,0,0,0,2],[175,1,176,15,0,0,0,2],[178,1,178,10,0,0,0,2],[179,10,186,2,0,0,0,0],[180,1,180,10,0,0,0,2],[181,10,186,2,0,0,0,0],[182,10,186,2,0,0,0,0],[183,1,183,19,0,0,0,2],[184,10,186,2,0,0,0,0],[185,10,186,2,0,0,0,0]]},{"branches":[],"count":0,"filenames":["/Users/whitneykenner/msdscript/Tests.cpp"],"name":"Tests.cpp:_ZL20C_A_T_C_H_T_E_S_T_16v","regions":[[188,39,225,2,0,0,0,0],[191,1,191,1,0,0,0,2],[196,1,196,1,0,0,0,2],[200,1,200,1,0,0,0,2],[205,1,205,1,0,0,0,2],[209,1,209,10,0,0,0,2],[213,1,213,1,0,0,0,2],[214,10,225,2,0,0,0,0],[217,1,217,21,0,0,0,2],[218,10,225,2,0,0,0,0],[219,1,219,42,0,0,0,2],[220,10,225,2,0,0,0,0],[221,1,221,1,0,0,0,2],[222,10,225,2,0,0,0,0],[223,10,225,2,0,0,0,0],[224,10,225,2,0,0,0,0]]},{"branches":[],"count":0,"filenames":["/Users/whitneykenner/msdscript/Tests.cpp"],"name":"Tests.cpp:_ZL20C_A_T_C_H_T_E_S_T_18v","regions":[[227,32,261,2,0,0,0,0],[230,1,230,1,0,0,0,2],[235,1,235,1,0,0,0,2],[240,1,240,1,0,0,0,2],[245,1,246,19,0,0,0,2],[248,1,248,24,0,0,0,2],[249,10,261,2,0,0,0,0],[250,1,250,31,0,0,0,2],[251,10,261,2,0,0,0,0],[252,10,261,2,0,0,0,0],[253,10,261,2,0,0,0,0],[254,10,261,2,0,0,0,0],[255,1,255,32,0,0,0,2],[256,10,261,2,0,0,0,0],[257,10,261,2,0,0,0,0],[258,10,261,2,0,0,0,0],[259,10,261,2,0,0,0,0],[260,1,260,1,0,0,0,2]]},{"branches":[],"count":0,"filenames":["/Users/whitneykenner/msdscript/Tests.cpp"],"name":"Tests.cpp:_ZL20C_A_T_C_H_T_E_S_T_20v","regions":[[263,35,305,2,0,0,0,0],[266,1,266,1,0,0,0,2],[271,1,271,1,0,0,0,2],[276,1,276,1,0,0,0,2],[283,1,284,63,0,0,0,2],[286,10,305,2,0,0,0,0],[287,1,287,51,0,0,0,2],[288,10,305,2,0,0,0,0],[289,10,305,2,0,0,0,0],[290,10,305,2,0,0,0,0],[292,10,305,2,0,0,0,0],[294,10,305,2,0,0,0,0],[296,1,297,53,0,0,0,2],[298,10,305,2,0,0,0,0],[299,10,305,2,0,0,0,0],[300,10,305,2,0,0,0,0],[301,1,302,1,0,0,0,2],[303,10,305,2,0,0,0,0],[304,10,305,2,0,0,0,0]]},{"branches":[],"count":0,"filenames":["/Users/whitneykenner/msdscript/Tests.cpp"],"name":"Tests.cpp:_ZL20C_A_T_C_H_T_E_S_T_22v","regions":[[307,40,347,2,0,0,0,0],[312,1,312,1,0,0,0,2],[315,1,315,1,0,0,0,2],[321,1,321,1,0,0,0,2],[323,1,323,1,0,0,0,2],[325,1,325,1,0,0,0,2],[327,1,327,1,0,0,0,2],[331,1,331,1,0,0,0,2],[332,5,347,2,0,0,0,0],[335,1,335,1,0,0,0,2],[336,5,347,2,0,0,0,0],[339,1,339,1,0,0,0,2],[340,5,347,2,0,0,0,0],[343,1,343,1,0,0,0,2],[344,5,347,2,0,0,0,0]]},{"branches":[],"count":0,"filenames":["/Users/whitneykenner/msdscript/Tests.cpp"],"name":"Tests.cpp:_ZL20C_A_T_C_H_T_E_S_T_24v","regions":[[349,41,391,2,0,0,0,0],[354,1,354,1,0,0,0,2],[357,1,357,1,0,0,0,2],[363,1,363,1,0,0,0,2],[367,1,367,1,0,0,0,2],[368,5,391,2,0,0,0,0],[371,1,371,1,0,0,0,2],[372,5,391,2,0,0,0,0],[375,1,375,1,0,0,0,2],[376,5,391,2,0,0,0,0],[379,1,379,1,0,0,0,2],[383,1,383,1,0,0,0,2],[384,5,391,2,0,0,0,0],[387,1,387,1,0,0,0,2],[388,5,391,2,0,0,0,0]]},{"branches":[],"count":0,"filenames":["/Users/whitneykenner/msdscript/Tests.cpp"],"name":"Tests.cpp:_ZL20C_A_T_C_H_T_E_S_T_26v","regions":[[393,38,411,2,0,0,0,0],[396,1,396,1,0,0,0,2],[401,1,401,1,0,0,0,2],[402,5,411,2,0,0,0,0],[406,1,406,1,0,0,0,2],[407,5,411,2,0,0,0,0]]},{"branches":[],"count":0,"filenames":["/Users/whitneykenner/msdscript/Tests.cpp"],"name":"Tests.cpp:_ZL20C_A_T_C_H_T_E_S_T_28v","regions":[[413,37,431,2,0,0,0,0],[416,1,416,1,0,0,0,2],[421,1,421,1,0,0,0,2],[422,5,431,2,0,0,0,0],[426,1,426,1,0,0,0,2],[427,5,431,2,0,0,0,0]]},{"branches":[],"count":0,"filenames":["/Users/whitneykenner/msdscript/Tests.cpp"],"name":"Tests.cpp:_ZL20C_A_T_C_H_T_E_S_T_30v","regions":[[433,42,446,2,0,0,0,0],[436,1,436,1,0,0,0,2],[441,1,441,1,0,0,0,2],[442,5,446,2,0,0,0,0]]},{"branches":[],"count":0,"filenames":["/Users/whitneykenner/msdscript/Tests.cpp"],"name":"Tests.cpp:_ZL20C_A_T_C_H_T_E_S_T_32v","regions":[[449,1,453,2,0,0,0,0]]},{"branches":[],"count":0,"filenames":["/Users/whitneykenner/msdscript/Tests.cpp"],"name":"Tests.cpp:_ZL20C_A_T_C_H_T_E_S_T_34v","regions":[[456,1,460,2,0,0,0,0]]},{"branches":[],"count":0,"filenames":["/Users/whitneykenner/msdscript/Tests.cpp"],"name":"Tests.cpp:_ZL20C_A_T_C_H_T_E_S_T_36v","regions":[[462,26,495,2,0,0,0,0],[467,1,467,1,0,0,0,2],[475,1,475,1,0,0,0,2],[479,1,479,1,0,0,0,2],[482,1,483,31,0,0,0,2],[485,10,495,2,0,0,0,0],[486,1,486,24,0,0,0,2],[487,10,495,2,0,0,0,0],[488,1,488,58,0,0,0,2],[489,10,495,2,0,0,0,0],[490,10,495,2,0,0,0,0],[491,10,495,2,0,0,0,0],[492,10,495,2,0,0,0,0],[493,10,495,2,0,0,0,0],[494,10,495,2,0,0,0,0]]},{"branches":[],"count":0,"filenames":["/Users/whitneykenner/msdscript/Tests.cpp"],"name":"Tests.cpp:_ZL20C_A_T_C_H_T_E_S_T_38v","regions":[[497,31,505,2,0,0,0,0],[501,1,501,1,0,0,0,2],[503,10,505,2,0,0,0,0],[504,10,505,2,0,0,0,0]]},{"branches":[],"count":0,"filenames":["/Users/whitneykenner/msdscript/Tests.cpp"],"name":"Tests.cpp:_ZL20C_A_T_C_H_T_E_S_T_40v","regions":[[507,36,518,2,0,0,0,0],[512,1,512,1,0,0,0,2],[515,1,515,1,0,0,0,2],[517,22,518,2,0,0,0,0]]}],"totals":{"branches":{"count":56,"covered":3,"notcovered":53,"percent":5.3571428571428568},"functions":{"count":61,"covered":2,"percent":3.278688524590164},"instantiations":{"count":61,"covered":2,"percent":3.278688524590164},"lines":{"count":587,"covered":16,"percent":2.7257240204429301},"regions":{"count":193,"covered":8,"notcovered":185,"percent":4.1450777202072544}}}],"type":"llvm.coverage.json.export","version":"2.0.1"}